"host","title","price_norm","sku","link","image"
"aceseeds.org","2 Guawi Feminizada","500","Guawi_feminized_seeds-1","https://www.aceseeds.org/semillas/3-guawi-feminizada/",""
"aceseeds.org","3 Thai A5 Haze Feminizada","500","ThaiA5Haze_feminized_seeds-1","https://www.aceseeds.org/semillas/3-thai-a5-haze-feminizada/",""
"aceseeds.org","A5 Haze x PCK I+D Regular","80","A5HazexPCK_regular_seeds","https://www.aceseeds.org/semillas/a5hazexpck-semillas-regulares/",""
"aceseeds.org","A5 Haze x Zamaldelica I+D Regular","80","A5HazexZamaldelica_regular_seeds","https://www.aceseeds.org/semillas/a5hazexzamaldelica-semillas-regulares/",""
"aceseeds.org","ACE Mix Feminizada","21","ACE_Mix_Feminized_cheap_seeds","https://www.aceseeds.org/semillas/ace-mix-feminizada-semillas-baratas/",""
"aceseeds.org","ACE Mix Regular","21","ACE_Mix_regular_cheap_seeds","https://www.aceseeds.org/semillas/ace-mix-regular-semillas-baratas/",""
"aceseeds.org","Afgana Maruf Selección Roja Regular","150","Afghan_Maruf_24_Red_Selection_regular_seeds","https://www.aceseeds.org/semillas/afgana-maruf-seleccion-roja-semillas-regulares/",""
"aceseeds.org","Afgana Nawa Selección Élite Regular","150","Afghan_Nawa_Elite_regular_seeds","https://www.aceseeds.org/semillas/afgana-nawa-seleccion-elite-semillas-regulares/",""
"aceseeds.org","Bangi Congo x Zamaldelica I+D Regular","50","BangiCongoxZamaldelica_regular","https://www.aceseeds.org/semillas/bangicongoxzamaldelica-regular/",""
"aceseeds.org","Bangi Haze Regular","35","Bangi_Haze_regular_seeds","https://www.aceseeds.org/semillas/bangi-haze-semillas-regulares/",""
"aceseeds.org","Bangi Haze x ErdPurt I+D Regular","50","BangiHazexErdPurt_regular_seeds","https://www.aceseeds.org/semillas/bangihazexerdpurt-regular/",""
"aceseeds.org","C5 Haze x Kali China Feminizada","65","C5HazexKaliChina_feminized_seeds","https://www.aceseeds.org/semillas/c5-haze-x-kali-china-semillas-feminizadas/",""
"aceseeds.org","C5 Haze x Panama I+D Regular","65","C5HazexPanama_regular-seeds","https://www.aceseeds.org/semillas/c5-haze-x-panama-id-regular/",""
"aceseeds.org","C5 Haze x Zamaldelica I+D Regular","65","C5HazexZamaldelica_regular-seeds","https://www.aceseeds.org/semillas/c5hazexzamaldelica-regular/",""
"aceseeds.org","Cachemira Regular","35","Kashmir_regular_seeds","https://www.aceseeds.org/semillas/cachemira-semillas-regulares/",""
"aceseeds.org","CBD # 1 x Panama I+D Feminizada","32,5","CBD1xPanama_feminized_seeds","https://www.aceseeds.org/semillas/cbd1xpanama-semillas-feminizadas/",""
"aceseeds.org","CBD # 1 x PCK morada 2002 I+D Feminizada","32,5","CBD1xPurplePCK 2002_feminized-seeds","https://www.aceseeds.org/semillas/cbd1xpurplepck-2002-semillas-feminizadas/",""
"aceseeds.org","CBD # 5 x ErdPurt I+D Regular","32,5","CBD5xErdPurt_regular_seeds","https://www.aceseeds.org/semillas/cbd5xerdpurt-semillas-regulares/",""
"aceseeds.org","China Yunnan Regular","35","China_Yunnan_regular_seeds","https://www.aceseeds.org/semillas/china-yunnan-semillas-regulares/",""
"aceseeds.org","Congo Feminizada","15","Congo_feminized_seeds","https://www.aceseeds.org/semillas/congo-semillas-feminizadas/",""
"aceseeds.org","Congo Regular","35","Congo_regular_seeds","https://www.aceseeds.org/semillas/congo-semillas-regulares/",""
"aceseeds.org","Congo x A5 Haze I+D Feminizada","65","CongoxA5haze_feminized_seeds","https://www.aceseeds.org/semillas/congosxa5haze-semillas-feminizadas/",""
"aceseeds.org","Congo x Zamaldelica I+D Regular","50","CongoxZamaldelica_regular-seeds","https://www.aceseeds.org/semillas/congo-x-zamaldelica-id-semillas-regulares/",""
"aceseeds.org","ErdPurt Feminizada","7,5","ErdPurt_feminized_seeds","https://www.aceseeds.org/semillas/erdpurt-semillas-feminizadas/",""
"aceseeds.org","ErdPurt Regular","17,5","ErdPurt_regular_seeds","https://www.aceseeds.org/semillas/erdpurt-semillas-regulares/",""
"aceseeds.org","ErdPurt x Panama I+D Feminizada","50","ErdPurtxPanama_feminized_seeds","https://www.aceseeds.org/semillas/erdpurtxpanama-semillas-feminizadas/",""
"aceseeds.org","Etíope Regular","35","Ethiopia_regular_seeds","https://www.aceseeds.org/semillas/etiopia-semillas-regulares/",""
"aceseeds.org","Golden Tiger Regular","35","Golden_Tiger_regular_seeds","https://www.aceseeds.org/semillas/golden-tiger-semillas-regulares/",""
"aceseeds.org","Golden Tiger x ErdPurt I+D Regular","50","GoldenTigerxErdPurt_regular","https://www.aceseeds.org/semillas/goldentigerxerdpurt-regular/",""
"aceseeds.org","Green Haze #19 x Zamaldelica I+D Regular","50","GreenHazexZamaldelica_regular_seeds","https://www.aceseeds.org/semillas/greenhazexzamaldelica-semillas-regulares/",""
"aceseeds.org","Guawi Feminizada","15","Guawi_feminized_seeds","https://www.aceseeds.org/semillas/guawi-semillas-feminizadas/",""
"aceseeds.org","Hangkrarok Champion Seeds Regular","30","Hangkrarok-Champion-regular-seeds","https://www.aceseeds.org/semillas/hangkrarok-champion-semillas-regulares/",""
"aceseeds.org","HashPlant Haze x Malawi I+D Regular","65","HashPlantHazexMalawi_regular_seeds","https://www.aceseeds.org/semillas/hashplanthazexmalawi-semillas-regulares/",""
"aceseeds.org","12 HashTonic Regular","500","HashTonic_regular_seeds-1","https://www.aceseeds.org/semillas/hashtonic-regular-copia/",""
"aceseeds.org","Haze X Kali China Feminizada","15","HazexKaliChina_feminized_seeds","https://www.aceseeds.org/semillas/hazexkalichina-semillas-feminizadas/",""
"aceseeds.org","Himalaya Snow Regular","50","Himalaya_Snow_regular_seeds","https://www.aceseeds.org/semillas/himalaya-snow-semillas-regulares/",""
"aceseeds.org","Honduras Regular","35","Honduras_regular_seeds","https://www.aceseeds.org/semillas/honduras-semillas-regulares/",""
"aceseeds.org","Juanita x ErdPurt I+D Regular","32,5","JuanitaxErdPurt_regular_seeds","https://www.aceseeds.org/semillas/juanitaxerdpurt-semillas-regulares/",""
"aceseeds.org","Juanita x Malawi I+D Feminizada","65","JuanitaxMalawi_feminized_seeds","https://www.aceseeds.org/semillas/juanitaxmalawi-semillas-feminizadas/",""
"aceseeds.org","Kali China Feminizada","15","Kali_China_feminized_seeds","https://www.aceseeds.org/semillas/kali-china-semillas-feminizadas/",""
"aceseeds.org","Kalidonia Feminizada","50","Kalidonia_feminized_seeds","https://www.aceseeds.org/semillas/kalidonia-semillas-feminizadas/",""
"aceseeds.org","Killer A5 Haze Feminizada","18","Killer_A5_Haze_feminized_seeds","https://www.aceseeds.org/semillas/killer-a5-haze-semillas-feminizadas/",""
"aceseeds.org","Lao Highland Regular","48","Lao_Highland_regular_seeds","https://www.aceseeds.org/semillas/lao-highland-semillas-regulares/",""
"aceseeds.org","Lavender x ErdPurt I+D Regular","65","LavenderxErdPurt_regular_seeds","https://www.aceseeds.org/semillas/lavenderxerdpurt-semillas-regulares/",""
"aceseeds.org","Líbano Regular","17,5","Lebanese_regular_seeds","https://www.aceseeds.org/semillas/libano-semillas-regulares/",""
"aceseeds.org","Malawi / PCK #47 morada x ErdPurt I+D Regular","50","MalawiPCKxErdPurt_regular_seeds","https://www.aceseeds.org/semillas/malawipckxerdpurt-semillas-regulares/",""
"aceseeds.org","Malawi / PCK #47 morada x Nueva Malawi asesina I+D Feminizada","50","MalawiPCKxNewMalawiKiller_feminized_seeds","https://www.aceseeds.org/semillas/malawipckxnewmalawikiller-fem/",""
"aceseeds.org","Malawi Feminizada","15","Malawi_feminized_seeds","https://www.aceseeds.org/semillas/malawi-semillas-feminizadas/",""
"aceseeds.org","Malawi Regular","45","Malawi_regular_seeds","https://www.aceseeds.org/semillas/malawi-semillas-regulares/",""
"aceseeds.org","Malawi x Panamá Regular","35","malawixpanama_regular_seeds","https://www.aceseeds.org/semillas/malawixpanama-semillas-regulares/",""
"aceseeds.org","12 Marruecos Beldia Kif Regular","500","Moroccan_Beldia_Kif_regular_seeds-1","https://www.aceseeds.org/semillas/marruecos-beldia-kif-regular-copia/",""
"aceseeds.org","Marruecos Beldia Kif Regular","13","Moroccan_Beldia_Kif_regular_seeds","https://www.aceseeds.org/semillas/marruecos-beldia-kif-semillas-regulares/",""
"aceseeds.org","Mekhong Classic Regular","55","Mekhong_Classic_regular-seeds","https://www.aceseeds.org/semillas/mekhong-classic-semillas-regulares/",""
"aceseeds.org","Nepal Annapurna Regular","26","Nepal_Annapurna_regular_seeds","https://www.aceseeds.org/semillas/nepal-annapurna-semillas-regulares/",""
"aceseeds.org","12 Nepal Jam Regular","500","Nepal_Jam_regular_seeds-1","https://www.aceseeds.org/semillas/nepal-jam-regular-copia/",""
"aceseeds.org","Nepal Jam Regular","35","Nepal_Jam_regular_seeds","https://www.aceseeds.org/semillas/nepal-jam-semillas-regulares/",""
"aceseeds.org","Oaxaca A5 Haze feminizada","15","Oaxaca_A5_Haze_feminized_seeds","https://www.aceseeds.org/semillas/oaxaca-x-a5-haze-semillas-feminizadas/",""
"aceseeds.org","Oaxaca x Zamaldelica I+D Regular","80","OaxacaxZamaldelica_regular-seeds","https://www.aceseeds.org/semillas/oaxaca-x-zamaldelica-id-regular-seeds/",""
"aceseeds.org","Oldtimer&#8217;s Haze Regular","45","Oldtimers_Haze_regular_seeds","https://www.aceseeds.org/semillas/oldtimers-haze-semillas-regulares/",""
"aceseeds.org","6 Orient Express Feminizada","500","Orient_Express_feminized_seeds-1","https://www.aceseeds.org/semillas/orient-express-feminizada-copia/",""
"aceseeds.org","Orient Express Feminizada","15","Orient_Express_feminized_seeds","https://www.aceseeds.org/semillas/orient-express-semillas-feminizadas/",""
"aceseeds.org","Orient Express Regular","35","orient_express_regular_seeds","https://www.aceseeds.org/semillas/orient-express-semillas-regulares/",""
"aceseeds.org","Pakistan Chitral Kush Regular","45","Pakistan_Chitral_Kush_regular_seeds","https://www.aceseeds.org/semillas/pakistan-chitral-kush-semillas-regulares/",""
"aceseeds.org","Panama A5 Haze Feminizada","80","Panama_A5_Haze_feminized_seeds","https://www.aceseeds.org/semillas/panama-a5-haze-semillas-feminizadas/",""
"aceseeds.org","Panama Haze Feminizada","15","Panama_Haze_feminized_seeds","https://www.aceseeds.org/semillas/panama-haze-semillas-feminizadas/",""
"aceseeds.org","Panama Feminizada","15","Panama_feminized_seeds","https://www.aceseeds.org/semillas/panama-semillas-feminizadas/",""
"aceseeds.org","Panama Regular","45","Panama_regular_seeds","https://www.aceseeds.org/semillas/panama-semillas-regulares/",""
"aceseeds.org","Panama x ErdPurt I+D Regular","50","PanamaxErdPurt_regular_seeds","https://www.aceseeds.org/semillas/panamaxerdpurt-semillas-regulares/",""
"aceseeds.org","Pulwama F2 Regular","100","Pulwama_f2_regular_seeds","https://www.aceseeds.org/semillas/pulwama-f2-semillas-regulares/",""
"aceseeds.org","6 Purple Haze x Malawi Feminizada","500","Purple_HazexMalawi_feminized_seeds-1","https://www.aceseeds.org/semillas/purple-haze-x-malawi-feminizada-copia/",""
"aceseeds.org","Purple Haze x Malawi Feminizada","15","Purple_HazexMalawi_feminized_seeds","https://www.aceseeds.org/semillas/purple-hazexmalawi-semillas-feminizadas/",""
"aceseeds.org","Purple Haze x Malawi Regular","35","Purple_HazexMalawi_regular_seeds","https://www.aceseeds.org/semillas/purple-hazexmalawi-semillas-regulares/",""
"aceseeds.org","Purple Haze #23 x Thai Chiang Mai I+D Regular","65","PurpleHazexThaiChiangMai_regular_seeds","https://www.aceseeds.org/semillas/purplehazexthaichiangmai-semillas-regulares/",""
"aceseeds.org","Purple Haze #23 x Zamaldelica I+D Regular","65","PurpleHazexZamaldelica_regular_seeds","https://www.aceseeds.org/semillas/purplehazexzamaldelica-semillas-regulares/",""
"aceseeds.org","Malawi Morada x ErdPurt I+D Regular","50","PurpleMalawixErdPurt_regular_seeds","https://www.aceseeds.org/semillas/purplemalawixerdpurt-semillas-regulares/",""
"aceseeds.org","Baluchistán Quetta Selección Morada #1 Regular","150","Quetta_Purple_Selection1_regular_seeds","https://www.aceseeds.org/semillas/quetta-seleccion-morada1-semillas-regulares/",""
"aceseeds.org","Romulan «BX1» Regular","150","RomulanBx1_regular_seeds","https://www.aceseeds.org/semillas/romulan-bx1-semillas-regulares/",""
"aceseeds.org","Rudra Solvent Feminizada","80","Rudra_Solvent_feminized_seeds","https://www.aceseeds.org/semillas/rudra-solvent-semillas-feminizadas/",""
"aceseeds.org","Siberian Ruderalis Feminizada","32,5","Siberian_Ruderalis_Feminized_Seeds","https://www.aceseeds.org/semillas/siberian-ruderalis-semillas-feminizadas/",""
"blimburnseeds.com","Amsterdam Legends","46","BF154415451546","https://blimburnseeds.com/amsterdam-legends-dutch-classics/",""
"blimburnseeds.com","Apple Fritter Autoflower HMC Edition","42","HM00031","https://blimburnseeds.com/apple-fritter-autoflower-hmc-edition/",""
"blimburnseeds.com","Apple Tartz Pre Roll","12","PRO007","https://blimburnseeds.com/apple-tartz-pre-roll/",""
"blimburnseeds.com","Beginners Pack","46","BF149915001501","https://blimburnseeds.com/beginners-pack-easy-start/",""
"blimburnseeds.com","Blackberry Moonrocks Auto HMC Edition","42","HM00042","https://blimburnseeds.com/blackberry-moonrocks-auto-hmc-edition/",""
"blimburnseeds.com","Blackberry Moonrocks HMC Edition","42","HM00004","https://blimburnseeds.com/blackberry-moonrocks-hmc/",""
"blimburnseeds.com","Blue Dream HMC Edition","49","HM00012","https://blimburnseeds.com/blue-dream-hmc/",""
"blimburnseeds.com","Blue Runtz Clones","39","CL0003","https://blimburnseeds.com/blue-runtz-clones/",""
"blimburnseeds.com","Blue Zushi","17,5","BF1566","https://blimburnseeds.com/blue-zushi/",""
"blimburnseeds.com","Candy Games #25","60","HVG003","https://blimburnseeds.com/candy-games-25/",""
"blimburnseeds.com","Candy Games #38","60","HVG004","https://blimburnseeds.com/candy-games-38/",""
"blimburnseeds.com","Cap Junky HMC Edition","42","HM00014","https://blimburnseeds.com/cap-junky-hmc/",""
"blimburnseeds.com","CBD Collection","46","BC102810291030","https://blimburnseeds.com/cbd-collection-cbd-essentials/",""
"blimburnseeds.com","Cement Shoes THCA Flower","40","JAR017","https://blimburnseeds.com/cement-shoes-thca-flower/",""
"blimburnseeds.com","Classics Edition","46","BF1754303497","https://blimburnseeds.com/classics-edition/",""
"blimburnseeds.com","Double Runtz clones","39","CL0005","https://blimburnseeds.com/double-runtz-clones/",""
"blimburnseeds.com","Durban Poison Autoflower HMC Edition","42","HM00045","https://blimburnseeds.com/durban-poison-autoflower-hmc-edition/",""
"blimburnseeds.com","Easy Button Auto","60","HVG005","https://blimburnseeds.com/easy-button-auto/",""
"blimburnseeds.com","F1 AUTO","72","BA122812291230","https://blimburnseeds.com/f1-auto-next-gen-autoflowers/",""
"blimburnseeds.com","F1 FEM","72","BF149614971498","https://blimburnseeds.com/f1-fem-hybrid-vigor/",""
"blimburnseeds.com","Fast Growers","46","BF150215031504","https://blimburnseeds.com/fast-growers-quick-bloom/",""
"blimburnseeds.com","Fruity Loops","17,5","BF1564","https://blimburnseeds.com/fruity-loops/",""
"blimburnseeds.com","Fuelato Pre Roll","12","PRO006","https://blimburnseeds.com/fuelato-pre-roll/",""
"blimburnseeds.com","Game Over","60","HVG009","https://blimburnseeds.com/game-over/",""
"blimburnseeds.com","Gelato HMC Edition","55","HM00026","https://blimburnseeds.com/gelato-hmc/",""
"blimburnseeds.com","Gelato Pre Roll","12","PRO001","https://blimburnseeds.com/gelato-pre-roll/",""
"blimburnseeds.com","Gelato THCA Flower","40","JAR006","https://blimburnseeds.com/gelato-thca-flower/",""
"blimburnseeds.com","Ghost Train Haze HMC Edition","42","HM00015","https://blimburnseeds.com/ghost-train-haze-hmc/",""
"blimburnseeds.com","Godfather OG Auto HMC Edition","42","HM00049","https://blimburnseeds.com/godfather-og-auto-hmc/",""
"blimburnseeds.com","Gorilla Glue #4 Autoflower HMC Edition","42","HM00030","https://blimburnseeds.com/gorilla-glue-4-autoflower-hmc-edition/",""
"blimburnseeds.com","Gorilla Glue 4 HMC Edition","55","HM00008","https://blimburnseeds.com/gorilla-glue-4-hmc/",""
"blimburnseeds.com","Gorilla Glue G4 THCA Flower","40","JAR005","https://blimburnseeds.com/gorilla-glue-g4-thca-flower/",""
"blimburnseeds.com","Hash Burger","17,5","BF1569","https://blimburnseeds.com/hash-burger/",""
"blimburnseeds.com","High Yield Selection Fem","46","BF1754303499","https://blimburnseeds.com/high-yield-selection-fem/",""
"blimburnseeds.com","Illemonati clones","39","CL0009","https://blimburnseeds.com/illemonati-clones/",""
"blimburnseeds.com","Indica Elite Auto","46","BF1754303495","https://blimburnseeds.com/indica-elite-auto/",""
"blimburnseeds.com","John Connor","17,5","BF1567","https://blimburnseeds.com/john-connor/",""
"blimburnseeds.com","Jokerz Candy THCA Flower","40","JAR002","https://blimburnseeds.com/jokerz-candy-thca-flower/",""
"blimburnseeds.com","Key Lime Jack","17,5","BF1454","https://blimburnseeds.com/key-lime-jack/",""
"blimburnseeds.com","Knockout","60","HVG010","https://blimburnseeds.com/knockout/",""
"blimburnseeds.com","Kush Collection","46","BF150815091510","https://blimburnseeds.com/kush-collection-earthy-strength/",""
"blimburnseeds.com","Lemon Cherry Gelato","17,5","BF1455","https://blimburnseeds.com/lemon-cherry-gelato/",""
"blimburnseeds.com","London Pound Cake Pre Roll","12","PRO010","https://blimburnseeds.com/london-pound-cake-pre-roll/",""
"blimburnseeds.com","Mamba Negra HMC Edition","49","HM00039","https://blimburnseeds.com/mamba-negra-hmc-edition/",""
"blimburnseeds.com","Maui Waui HMC Edition","42","HM00024","https://blimburnseeds.com/maui-waui-hmc/",""
"blimburnseeds.com","Mimosa HMC Edition","42","HM00011","https://blimburnseeds.com/mimosa-hmc/",""
"blimburnseeds.com","Moonlight Calm","46","BF153215331534","https://blimburnseeds.com/moonlight-calm-night-serenity/",""
"blimburnseeds.com","Sativa Elite Auto","46","BF1754303493","https://blimburnseeds.com/pack-sativas-auto/",""
"blimburnseeds.com","Peachez","17,5","BF1458","https://blimburnseeds.com/peachez/",""
"blimburnseeds.com","Peanut Butter Breath HMC Edition","42","HM00022","https://blimburnseeds.com/peanut-butter-breath-hmc/",""
"blimburnseeds.com","Permanent Marker HMC Edition","42","HM00006","https://blimburnseeds.com/permanent-marker-hmc/",""
"blimburnseeds.com","Permanent Marker x Banana Cream","17,5","BF1558","https://blimburnseeds.com/permanent-marker-x-banana-cream/",""
"blimburnseeds.com","Permanent Marker x Lemon Cherry","17,5","BF1557","https://blimburnseeds.com/permanent-marker-x-lemon-cherry/",""
"blimburnseeds.com","Permanent Marker x Rs11","17,5","BF1555","https://blimburnseeds.com/permanent-marker-x-rs11/",""
"blimburnseeds.com","Permanent Marker x White Runtz","17,5","BF1556","https://blimburnseeds.com/permanent-marker-x-white-runtz/",""
"blimburnseeds.com","Pineapple Daddy Auto","60","HVG014","https://blimburnseeds.com/pineapple-daddy-auto/",""
"blimburnseeds.com","Platinum OG clones","39","CL0014","https://blimburnseeds.com/platinum-og-clones/",""
"blimburnseeds.com","Purple Haze THCA Flower","40","JAR015","https://blimburnseeds.com/purple-haze-thca-flower/",""
"blimburnseeds.com","Purple Lemonade Autoflower HMC Edition","42","HM00044","https://blimburnseeds.com/purple-lemonade-autoflower-hmc/",""
"blimburnseeds.com","Purple Star Killer HMC Edition","42","HM00016","https://blimburnseeds.com/purple-star-killer-hmc/",""
"blimburnseeds.com","Reshipment fee for returned order","15","","https://blimburnseeds.com/reshipment-fee-for-returned-order/",""
"blimburnseeds.com","Ricky Bobby HMC Edition","42","HM00033","https://blimburnseeds.com/ricky-bobby-hmc/",""
"blimburnseeds.com","RS11 Pre Roll","12","PRO002","https://blimburnseeds.com/rs11-pre-roll/",""
"blimburnseeds.com","Sativa Elite Fem","46","BF1754303494","https://blimburnseeds.com/sativa-elite-fem/",""
"blimburnseeds.com","Scrambler Haze HMC Edition","49","HM00013","https://blimburnseeds.com/scrambler-haze-hmc/",""
"blimburnseeds.com","Shortcut Auto","60","HVG017","https://blimburnseeds.com/shortcut-auto/",""
"blimburnseeds.com","Skunk Collection","46","BF151115121513","https://blimburnseeds.com/skunk-collection-classic-funk/",""
"blimburnseeds.com","Sleepy Joe HMC Edition","42","HM00019","https://blimburnseeds.com/sleepy-joe-strain-hmc/",""
"blimburnseeds.com","Stoned Panda HMC Edition","49","HM00007","https://blimburnseeds.com/stoned-panda-hmc/",""
"blimburnseeds.com","Strawberry Gary","17,5","BF1565","https://blimburnseeds.com/strawberry-gary/",""
"blimburnseeds.com","Super Boof Auto","17,5","BA1206","https://blimburnseeds.com/super-boof-auto/",""
"blimburnseeds.com","Super Boof THCA Flower","40","JAR010","https://blimburnseeds.com/super-boof-thca-flower/",""
"blimburnseeds.com","Sweet 16","60","HVG016","https://blimburnseeds.com/sweet-16/",""
"blimburnseeds.com","The Toad HMC Edition","42","HM00035","https://blimburnseeds.com/the-toad-hmc/",""
"blimburnseeds.com","Tiramisu THCA Flower","40","JAR011","https://blimburnseeds.com/tiramisu-thca-flower/",""
"blimburnseeds.com","USA Breeders","46","BF153815391540","https://blimburnseeds.com/usa-breeders-american-icons/",""
"blimburnseeds.com","Widow Collection","46","BF151415151516","https://blimburnseeds.com/widow-collection-frosted-force/",""
"blimburnseeds.com","Winners Collection","46","BF1754303492","https://blimburnseeds.com/winners-collection/",""
"blimburnseeds.com","Zombie Death Fuck HMC Edition","49","HM00034","https://blimburnseeds.com/zombie-death-fuck-hmc-edition/",""
"blimburnseeds.com","Z Runtz Pre Roll","12","PRO009","https://blimburnseeds.com/z-runtz-pre-roll/",""
"blimburnseeds.com","Z Runtz THCA Flower","40","JAR012","https://blimburnseeds.com/z-runtz-thca-flower/",""
"bulkseedbank.org","AUTO BUBBLEGUM EXTRA","17,5","","https://bulkseedbank.org/cannabis-seeds/autoflowering-seeds/auto-bubblegum-extra-2/",""
"bulkseedbank.org","AUTO CARAMEL KING","17,5","","https://bulkseedbank.org/cannabis-seeds/autoflowering-seeds/auto-caramel-king-2/",""
"bulkseedbank.org","AUTO COFFE ROCKET","17,5","","https://bulkseedbank.org/cannabis-seeds/autoflowering-seeds/auto-coffe-rocket-2/",""
"bulkseedbank.org","AUTO CRITICAL","17,5","","https://bulkseedbank.org/cannabis-seeds/autoflowering-seeds/auto-critical-2/",""
"bulkseedbank.org","AUTO DOSIDOS ROCKETOS","17,5","","https://bulkseedbank.org/cannabis-seeds/autoflowering-seeds/auto-dosidos-rocketos-2/",""
"bulkseedbank.org","AUTO DUBAI POISON","17,5","","https://bulkseedbank.org/cannabis-seeds/autoflowering-seeds/auto-dubai-poison-2/",""
"bulkseedbank.org","AUTO GRANDE CRACK","17,5","","https://bulkseedbank.org/cannabis-seeds/autoflowering-seeds/auto-grande-crack-3/",""
"bulkseedbank.org","AUTO GUERILLA GLUE","17,5","","https://bulkseedbank.org/cannabis-seeds/autoflowering-seeds/auto-guerilla-glue-2/",""
"bulkseedbank.org","AUTO MANDALIME JUICE","17,5","","https://bulkseedbank.org/cannabis-seeds/autoflowering-seeds/auto-mandalime-juice-2/",""
"bulkseedbank.org","AUTO NORTHERN LIGHT","17,5","","https://bulkseedbank.org/cannabis-seeds/autoflowering-seeds/auto-northern-light-2/",""
"bulkseedbank.org","AUTO ORIGINAL ORANGE BUD","17,5","","https://bulkseedbank.org/cannabis-seeds/autoflowering-seeds/auto-original-orange-bud-2/",""
"bulkseedbank.org","AUTO PERFECT POWER PLANT","17,5","","https://bulkseedbank.org/cannabis-seeds/autoflowering-seeds/auto-perfect-power-plant-2/",""
"bulkseedbank.org","AUTO PSYCHEDELIC","17,5","","https://bulkseedbank.org/cannabis-seeds/autoflowering-seeds/auto-psychedelic-2/",""
"bulkseedbank.org","AUTO STRAWBERRY FERRY","17,5","","https://bulkseedbank.org/cannabis-seeds/autoflowering-seeds/auto-strawberry-ferry-2/",""
"bulkseedbank.org","AUTO SUNMANGO","17,5","","https://bulkseedbank.org/cannabis-seeds/autoflowering-seeds/auto-sunmango-2/",""
"bulkseedbank.org","AUTO SWEET TOOTH","17,5","","https://bulkseedbank.org/cannabis-seeds/autoflowering-seeds/auto-sweet-tooth-2/",""
"bulkseedbank.org","AUTO WHITE WIDOW","17,5","","https://bulkseedbank.org/cannabis-seeds/autoflowering-seeds/auto-white-widow-2/",""
"bulkseedbank.org","AUTO WILD DWARF","17,5","","https://bulkseedbank.org/cannabis-seeds/autoflowering-seeds/auto-wild-dwarf-2/",""
"bulkseedbank.org","AUTO CBD GUERILLA GLUE","17,5","","https://bulkseedbank.org/cannabis-seeds/cbd-seeds/auto-cbd-guerilla-glue/",""
"bulkseedbank.org","CBD CRITICAL","17,5","","https://bulkseedbank.org/cannabis-seeds/cbd-seeds/cbd-critical/",""
"bulkseedbank.org","CBD GOOD WILD SHARK","17,5","","https://bulkseedbank.org/cannabis-seeds/cbd-seeds/cbd-good-wild-shark/",""
"bulkseedbank.org","CBD INDICA KING","17,5","","https://bulkseedbank.org/cannabis-seeds/cbd-seeds/cbd-indica-king/",""
"bulkseedbank.org","CBG CRITICAL MASS","17,5","","https://bulkseedbank.org/cannabis-seeds/cbd-seeds/cbg-critical-mass-2/",""
"bulkseedbank.org","AK","17,5","","https://bulkseedbank.org/cannabis-seeds/feminised-seeds/ak-2/",""
"bulkseedbank.org","AMNESIA HAZE","17,5","","https://bulkseedbank.org/cannabis-seeds/feminised-seeds/amnesia-haze-2/",""
"bulkseedbank.org","AMNESIA PLATINUM","17,5","","https://bulkseedbank.org/cannabis-seeds/feminised-seeds/amnesia-platinum-2/",""
"bulkseedbank.org","ANANAS FUNK","17,5","","https://bulkseedbank.org/cannabis-seeds/feminised-seeds/ananas-funk-2/",""
"bulkseedbank.org","BLUEBERRY BERRY","17,5","","https://bulkseedbank.org/cannabis-seeds/feminised-seeds/blueberry-berry-2/",""
"bulkseedbank.org","BRUCE BANNER #5","17,5","","https://bulkseedbank.org/cannabis-seeds/feminised-seeds/bruce-banner-5-2/",""
"bulkseedbank.org","CHEESE","17,5","","https://bulkseedbank.org/cannabis-seeds/feminised-seeds/cheese-2/",""
"bulkseedbank.org","COCOPOPO","17,5","","https://bulkseedbank.org/cannabis-seeds/feminised-seeds/cocopopo-2/",""
"bulkseedbank.org","COFFE ROCKET","17,5","","https://bulkseedbank.org/cannabis-seeds/feminised-seeds/coffe-rocket-2/",""
"bulkseedbank.org","CRITICAL MASS","17,5","","https://bulkseedbank.org/cannabis-seeds/feminised-seeds/critical-mass-2/",""
"bulkseedbank.org","DARK DOMINA","17,5","","https://bulkseedbank.org/cannabis-seeds/feminised-seeds/dark-domina-2/",""
"bulkseedbank.org","EUFORIA SPECIAL","17,5","","https://bulkseedbank.org/cannabis-seeds/feminised-seeds/euforia-special-2/",""
"bulkseedbank.org","EXTRA MINTZ","17,5","","https://bulkseedbank.org/cannabis-seeds/feminised-seeds/extra-mintz-2/",""
"bulkseedbank.org","GELATO SAMBA","17,5","","https://bulkseedbank.org/cannabis-seeds/feminised-seeds/gelato-samba-2/",""
"bulkseedbank.org","GOOD WILD SHARK","17,5","","https://bulkseedbank.org/cannabis-seeds/feminised-seeds/good-wild-shark-2/",""
"bulkseedbank.org","GRAPEFRUIT","17,5","","https://bulkseedbank.org/cannabis-seeds/feminised-seeds/grapefruit-2/",""
"bulkseedbank.org","GREEN SCOUT COOKIES","17,5","","https://bulkseedbank.org/cannabis-seeds/feminised-seeds/green-scout-cookies-2/",""
"bulkseedbank.org","GUERILLA GLUE","17,5","","https://bulkseedbank.org/cannabis-seeds/feminised-seeds/guerilla-glue-2/",""
"bulkseedbank.org","KALI&#8217;S MISTERY","17,5","","https://bulkseedbank.org/cannabis-seeds/feminised-seeds/kalis-mistery-2/",""
"bulkseedbank.org","LIME SKUNK","17,5","","https://bulkseedbank.org/cannabis-seeds/feminised-seeds/lime-skunk-2/",""
"bulkseedbank.org","LOCOMOTIVE","17,5","","https://bulkseedbank.org/cannabis-seeds/feminised-seeds/locomotive-2/",""
"bulkseedbank.org","MARLEY&#8217;S BUD","17,5","","https://bulkseedbank.org/cannabis-seeds/feminised-seeds/marleys-bud-2/",""
"bulkseedbank.org","MASTER KUSH GRAND","17,5","","https://bulkseedbank.org/cannabis-seeds/feminised-seeds/master-kush-grand-2/",""
"bulkseedbank.org","MIMOSA FAMOSA","17,5","","https://bulkseedbank.org/cannabis-seeds/feminised-seeds/mimosa-famosa-2/",""
"bulkseedbank.org","MOBY BIG","17,5","","https://bulkseedbank.org/cannabis-seeds/feminised-seeds/moby-big-2/",""
"bulkseedbank.org","NEPAL GOLD","17,5","","https://bulkseedbank.org/cannabis-seeds/feminised-seeds/nepal-gold-2/",""
"bulkseedbank.org","ORIGINAL ORANGE BUD","17,5","","https://bulkseedbank.org/cannabis-seeds/feminised-seeds/original-orange-bud-2/",""
"bulkseedbank.org","PERFECT POWER PLANT","17,5","","https://bulkseedbank.org/cannabis-seeds/feminised-seeds/perfect-power-plant-2/",""
"bulkseedbank.org","PSYCHEDELIC","17,5","","https://bulkseedbank.org/cannabis-seeds/feminised-seeds/psychedelic-2/",""
"bulkseedbank.org","RUNTZ GLUNTZ","17,5","","https://bulkseedbank.org/cannabis-seeds/feminised-seeds/runtz-gluntz-2/",""
"bulkseedbank.org","SENSIBLE STAR","17,5","","https://bulkseedbank.org/cannabis-seeds/feminised-seeds/sensible-star-2/",""
"bulkseedbank.org","SHERBET POWER","17,5","","https://bulkseedbank.org/cannabis-seeds/feminised-seeds/sherbet-power-2/",""
"bulkseedbank.org","SPECIAL CRYSTAL HAZE","17,5","","https://bulkseedbank.org/cannabis-seeds/feminised-seeds/special-crystal-haze-2/",""
"bulkseedbank.org","SPECIAL LIME HAZE","17,5","","https://bulkseedbank.org/cannabis-seeds/feminised-seeds/special-lime-haze-2/",""
"bulkseedbank.org","SUNMANGO","17,5","","https://bulkseedbank.org/cannabis-seeds/feminised-seeds/sunmango-2/",""
"bulkseedbank.org","WHITE PRUSSIAN","17,5","","https://bulkseedbank.org/cannabis-seeds/feminised-seeds/white-prussian-2/",""
"bulkseedbank.org","WHITE WIDOW","17,5","","https://bulkseedbank.org/cannabis-seeds/feminised-seeds/white-widow-2/",""
"bulkseedbank.org","ZKITTLY ZI ZI","17,5","","https://bulkseedbank.org/cannabis-seeds/feminised-seeds/zkittly-zi-zi-2/",""
"dnagenetics.com","3Peat Fem Cannabis Seeds","45","DNA-3PT-FEMP1","https://dnagenetics.com/product/3peat/",""
"dnagenetics.com","Auto bahn Cannabis Seeds","80,12","DNA-ATB-FEMP1","https://dnagenetics.com/product/auto-bahn/",""
"dnagenetics.com","Bakers Delight  Cannabis Seeds","45","DNA-BKD-FEMP1","https://dnagenetics.com/product/bakers-delight/",""
"dnagenetics.com","Banana Sorbet Feminized Cannabis Seeds","80,12","DNA-BSB-FEMP1","https://dnagenetics.com/product/banana-sorbet-feminized-cannabis-seeds/",""
"dnagenetics.com","Blue Dream Feminized  Cannabis Seeds","80,12","DNA-BDS-FEMP1","https://dnagenetics.com/product/blue-dream-feminized/",""
"dnagenetics.com","Canelo auto Cannabis Seeds","80,16","DNA-CNA-FAUTP1","https://dnagenetics.com/product/canelo-auto-seeds/",""
"dnagenetics.com","CheMACal Romance Auto Cannabis Seeds","80,18","DNA-MAR-FAUTP1","https://dnagenetics.com/product/chemacal-romance-auto/",""
"dnagenetics.com","Chocolate Truffle Shuffle Reg Cannabis Seeds","80,12","DNA-CTS-REGP1","https://dnagenetics.com/product/chocolate-truffle-shuffle-reg/",""
"dnagenetics.com","Chocolope Fem Cannabis Seeds","80,12","DNA-CHL-FEMP1","https://dnagenetics.com/product/chocolope-fem/",""
"dnagenetics.com","Chocolope Kush Reg Cannabis Seeds","80,12","DNA-CHK-REGP1","https://dnagenetics.com/product/chocolope-kush-reg/",""
"dnagenetics.com","DNA Auto Mix Pack Cannabis Seeds (Sample)","1","DNA-DMP-FAUTP1-1","https://dnagenetics.com/product/dna-auto-mix-pack-cannabis-seeds-sample/",""
"dnagenetics.com","DNA Cake Auto Cannabis Seeds","45","DNA-DCK-FAUTP1","https://dnagenetics.com/product/dna-cake-auto/",""
"dnagenetics.com","DNA Genetics Lighter","3,99","DNA-L","https://dnagenetics.com/product/dna-genetics-lighter/",""
"dnagenetics.com","Double Dipped Strawberries Cannabis Seeds","80,16","DNA-DDS-FEMP1","https://dnagenetics.com/product/double-dipped-strawberry/",""
"dnagenetics.com","Double Stuffed Sorbet Fem Cannabis Seeds","80,12","DNA-DSS-FEMP1","https://dnagenetics.com/product/double-stuffed-sorbet/",""
"dnagenetics.com","Elons-X Reg Cannabis Seeds","80,06","DNA-ELX-REGP1","https://dnagenetics.com/product/elons-x-reg/",""
"dnagenetics.com","Four Prophets Reg Cannabis Seeds","80,05","DNA-FPT-REGP1","https://dnagenetics.com/product/four-prophets-reg/",""
"dnagenetics.com","Generation X-18 Reg Cannabis Seeds","65,75","DNA-G18-REGP1","https://dnagenetics.com/product/generation-x-18-reg/",""
"dnagenetics.com","GMO Kosher Fem Cannabis Seeds","45","DNA-GMK-FEMP1","https://dnagenetics.com/product/gmo-kosher/",""
"dnagenetics.com","Golden Fortunes Reg Cannabis Seeds","63,92","DNA-GFS-REGP1","https://dnagenetics.com/product/golden-fortunes-reg/",""
"dnagenetics.com","HG23 AKA MICHAEL JORDAN Fem Cannabis Seeds","80,12","DNA-MJK-FEMP1","https://dnagenetics.com/product/hg23-aka-michael-jordan-fem/",""
"dnagenetics.com","Honey Banana S1 Cannabis Seeds","45","DNA-HB1-FEMP1","https://dnagenetics.com/product/honey-banana-s1/",""
"dnagenetics.com","Kosher Dawg Autoflower Cannabis Seeds","45","DNA-KD-FAUTP1","https://dnagenetics.com/product/kosher-dawg-autoflower-cannabis-seeds/",""
"dnagenetics.com","Kosher Pie Cannabis Seeds","79,99","DNA-KOP-FEMP1","https://dnagenetics.com/product/kosher-pie/",""
"dnagenetics.com","Miss DNA Auto Cannabis Seeds","79,05","DNA-MS-FAUTP1","https://dnagenetics.com/product/miss-dna/",""
"dnagenetics.com","Patrick Swayze Auto Cannabis Seeds","80,18","DNA-PSZ-FAUTP1","https://dnagenetics.com/product/patrick-swayze-auto/",""
"dnagenetics.com","Purple Chocolope Fem Cannabis Seeds","79,96","DNA-PCE-FEMP1","https://dnagenetics.com/product/purple-chocolope/",""
"dnagenetics.com","Purple People Eater Auto Cannabis Seeds","80,16","DNA-PPE-FAUTP1","https://dnagenetics.com/product/purple-people-eater-auto-seeds/",""
"dnagenetics.com","Purple Wreck Auto Cannabis Seeds","79,05","DNA-PUW-FAUTP1","https://dnagenetics.com/product/purple-wreck/",""
"dnagenetics.com","Recon 2.0 Fem Cannabis Seeds","80,05","DNA-RN2-FEMP1","https://dnagenetics.com/product/recon-2-0/",""
"dnagenetics.com","Return of the Mac Auto Cannabis Seeds","80,17","DNA-ROM-FAUTP1","https://dnagenetics.com/product/return-of-the-mac-auto/",""
"dnagenetics.com","RP 43 AKA RICHARD PETTY Fem Cannabis Seeds","45","DNA-RP1-FEMP1","https://dnagenetics.com/product/rp-43-aka-richard-petty/",""
"dnagenetics.com","Skywalker Kush Reg Cannabis Seeds","79,97","DNA-SWK-REGP1","https://dnagenetics.com/product/skylwalker-kush-reg/",""
"dnagenetics.com","Sour Garlic x Honey Banana Fem Cannabis Seeds","80,14","DNA-HBS-FEMP1","https://dnagenetics.com/product/sour-garlic-x-honey-banana/",""
"dnagenetics.com","Swiss Miss Reg Cannabis Seeds","80,12","DNA-SWM-REG1","https://dnagenetics.com/product/swiss-miss/",""
"dnagenetics.com","Swiss Miss Fem Cannabis Seeds","80,14","DNA-SWM-FEMP1","https://dnagenetics.com/product/swiss-miss-fem/",""
"dnagenetics.com","Tangie Cannabis Seeds","80,12","DNA-TNG","https://dnagenetics.com/product/tangie/",""
"dnagenetics.com","The Big Mac Auto Cannabis Seeds","80,16","DNA-MCD-FAUTP1","https://dnagenetics.com/product/the-big-mac-auto/",""
"dnagenetics.com","The Stinking Rose Fem Cannabis Seeds","80,13","DNA-TSR-FEMP1","https://dnagenetics.com/product/the-stinking-rose/",""
"dnagenetics.com","Watermelon Man Auto Cannabis Seeds","80,16","DNA-WMM-FAUTP1","https://dnagenetics.com/product/watermelon-man-auto-seeds/",""
"dnagenetics.com","White Widow Feminized Cannabis Seeds","79,05","DNA-WHW-FEMP1","https://dnagenetics.com/product/white-widow-feminized/",""
"dnagenetics.com","Worldwide Alliance","30","TEE-WWA-BL","https://dnagenetics.com/product/worldwide-alliance/",""
"dnagenetics.com","You Whoo Fem Cannabis Seeds","45","DNA-YUW-FEMP1","https://dnagenetics.com/product/you-whoo-fem/",""
"drunderground.com","American Beauty","0,18","","https://drunderground.com/producto/american-beauty/",""
"drunderground.com","Auto King Kong","0,15","","https://drunderground.com/producto/auto-king-kong/",""
"drunderground.com","Brooklyn Mango","0,18","","https://drunderground.com/producto/brooklyn-mango-2/",""
"drunderground.com","Crystal M.E.T.H.","0,2","","https://drunderground.com/producto/crystal-meth-2/",""
"drunderground.com","Dark Cookie","0,2","","https://drunderground.com/producto/dark-cookie-copy-copy-copy-copy-copy/",""
"drunderground.com","Godzilla Glue","0,18","","https://drunderground.com/producto/godzilla-glue-2/",""
"drunderground.com","King Kong","0,15","","https://drunderground.com/producto/king-kong-2/",""
"drunderground.com","Melon Gum","0,18","","https://drunderground.com/producto/melon-gum-2/",""
"drunderground.com","Soul Star","0,18","","https://drunderground.com/producto/soul-star/",""
"genehtik.com","Amazon Kritikal Bilbo","9","Kritikal Bilbo Feminizada-1","https://www.genehtik.com/producto/amazon-kritikal-bilbo/",""
"genehtik.com","Amnesia Bilbo","9","amnesia bilbo","https://www.genehtik.com/producto/amnesia-bilbo/",""
"genehtik.com","Estimulador Bloom","19","estimulador bloom","https://www.genehtik.com/producto/estimulador-bloom/",""
"genehtik.com","Estimulador Raices","18","estimulador raices","https://www.genehtik.com/producto/estimulador-de-raices/",""
"genehtik.com","Euskal Zkittlez","9","Euskal Zkittlez","https://www.genehtik.com/producto/euskal-zkittlez/",""
"genehtik.com","Fertilizante Crecimiento","15","fertilizante crecimiento","https://www.genehtik.com/producto/fertilizante-crecimiento/",""
"genehtik.com","Fertilizante Floración","15","fertilizante floración","https://www.genehtik.com/producto/fertilizante-floracion/",""
"genehtik.com","Gorila Bilbo","9","Gorila Bilbo","https://www.genehtik.com/producto/gorila-bilbo/",""
"genehtik.com","Kritikal Bilbo Auto","9","Kritikal Bilbo Auto","https://www.genehtik.com/producto/kritikal-bilbo-auto/",""
"genehtik.com","Kritikal Bilbo x AK-47","9","Kritkal Bilbo x AK-47","https://www.genehtik.com/producto/kritikal-bilbo-x-ak-47/",""
"genehtik.com","Northern Lights Auto","9","northern lights auto","https://www.genehtik.com/producto/northern-lights-auto/",""
"genehtik.com","OG Lemon Bilbo","9","OG Lemon Bilbo","https://www.genehtik.com/producto/og-lemon-bilbo/",""
"genehtik.com","PACK 5 semillas AUTO + PACK 3 Novedades AUTO","24","","https://www.genehtik.com/producto/pack-5-semillas-autoflorecientes/",""
"genehtik.com","Pack Floración","39,9","pack floración","https://www.genehtik.com/producto/pack-floracion/",""
"genehtik.com","PH-","9","ph-","https://www.genehtik.com/producto/ph/",""
"genehtik.com","PK 40-20","18","pk 40-20","https://www.genehtik.com/producto/pk-40-20/",""
"genehtik.com","semillas de cannabis feminizadas","9","semilas de cannabis-2","https://www.genehtik.com/producto/semillas-de-cannabis-feminizadas/",""
"genehtik.com","semillas de marihuana autoflorecientes","9","semilas de cannabis-1-1","https://www.genehtik.com/producto/semillas-de-marihuana-autoflorecientes/",""
"genehtik.com","semillas de marihuana feminizadas","9","semilas de cannabis-2-1","https://www.genehtik.com/producto/semillas-de-marihuana-feminizadas/",""
"genehtik.com","Spray Preventivo Foliar","12","spray preventivo foliar","https://www.genehtik.com/producto/spray-preventivo-foliar/",""
"genehtik.com","Txomango","9","Txomango2","https://www.genehtik.com/producto/txomango-2/",""
"genehtik.com","Zuri Widow","9","Zuri Widow","https://www.genehtik.com/producto/zuri-widow/",""
"hyp3rids.com","ACE OF HAZE","70","","https://hyp3rids.com/product/ace-of-haze",""
"hyp3rids.com","APAC KAHUNA","60","","https://hyp3rids.com/product/apac-kahuna-by-hyp3rids",""
"hyp3rids.com","BANDIT KUSH","60","","https://hyp3rids.com/product/bandit-kush",""
"hyp3rids.com","BITTER MOON","60","","https://hyp3rids.com/product/bitter-moon",""
"hyp3rids.com","BOUILLON HAZE","60","","https://hyp3rids.com/product/bouillon-haze",""
"hyp3rids.com","BOUILLON HAZE | HUNTER PACK","90","","https://hyp3rids.com/product/bouillon-haze-hunter-pack",""
"hyp3rids.com","CBH &#8216;PURE HAZE&#8217; | HUNTER PACK","90","","https://hyp3rids.com/product/cbh-pure-haze-hunter-pack",""
"hyp3rids.com","CGBX1","60","","https://hyp3rids.com/product/cgbx1",""
"hyp3rids.com","CHAMULA SKUNK, CHIAPAS MEXICO","60","","https://hyp3rids.com/product/chamula-skunk-chiapas-mexico",""
"hyp3rids.com","COLOMBIAN GOLD &#8211; LEGACY EDITION","60","","https://hyp3rids.com/product/colombian-gold-legacy-edition",""
"hyp3rids.com","COLOMBIAN ROSÉ","60","","https://hyp3rids.com/product/colombian-rose",""
"hyp3rids.com","CRACKER JACK","60","","https://hyp3rids.com/product/cracker-jack",""
"hyp3rids.com","CUBAN BLOOD HAZE &#8216;EL SQUATO&#8217; PHENO","60","","https://hyp3rids.com/product/cuban-blood-haze-el-squato-pheno",""
"hyp3rids.com","CBH &#8216;PURE HAZE&#8217;","60","","https://hyp3rids.com/product/cuban-blood-haze-pure-haze-pheno",""
"hyp3rids.com","EARL&#8217;S GOLD","60","","https://hyp3rids.com/product/earls-gold",""
"hyp3rids.com","EL SQUATO | HUNTER PACK","90","","https://hyp3rids.com/product/el-squato-hunter-pack",""
"hyp3rids.com","FIREBALL","60","","https://hyp3rids.com/product/fireball",""
"hyp3rids.com","FURY","60","","https://hyp3rids.com/product/fury",""
"hyp3rids.com","GARRA, JALISCO IBL MEXICAN LANDRACE","60","","https://hyp3rids.com/product/garra-jalisco-ibl-mexican-landrace",""
"hyp3rids.com","GEMINI V","60","","https://hyp3rids.com/product/gemini-v",""
"hyp3rids.com","GOLDEN BROWN","60","","https://hyp3rids.com/product/golden-brown",""
"hyp3rids.com","GOLDEN HIGHLAND THAI","80","","https://hyp3rids.com/product/golden-highland-thai",""
"hyp3rids.com","GOLD ZACATECAS","60","","https://hyp3rids.com/product/gold-zacatecas",""
"hyp3rids.com","GRILLZ","60","","https://hyp3rids.com/product/grillz",""
"hyp3rids.com","HAWAIIAN PUNA DIESEL IBL","80","","https://hyp3rids.com/product/hawaiian-puna-diesel-ibl",""
"hyp3rids.com","HEIRLOOM PURPLE AFGHAN KUSH BX1","80","","https://hyp3rids.com/product/heirloom-purple-afghan-kush-bx1",""
"hyp3rids.com","HEIRLOOM PURPLE AFGHAN KUSH IBL","80","","https://hyp3rids.com/product/heirloom-purple-afghan-kush-limited",""
"hyp3rids.com","HEIRLOOM VERDE LIMÓN IBL CHIAPAS MEXICO","70","","https://hyp3rids.com/product/heirloom-verde-limon-ibl-chiapas-mexico",""
"hyp3rids.com","INCIENSO, COLIMA MEXICO IBL MEXICAN LANDRACE","60","","https://hyp3rids.com/product/incienso-colima-mexico-ibl-mexican-landrace",""
"hyp3rids.com","JINGLES","60","","https://hyp3rids.com/product/jingles",""
"hyp3rids.com","KING WILLIE BX1","60","","https://hyp3rids.com/product/king_willie",""
"hyp3rids.com","KING WILLIE BX1 &#8216;HUNTER PACK&#8217;","90","","https://hyp3rids.com/product/king-willie-bx1-breeder-pack",""
"hyp3rids.com","KONA GOLD IBL &#8211; 2024 OP","70","","https://hyp3rids.com/product/kona-gold-ibl",""
"hyp3rids.com","KONA GOLD IBL &#8211; 2024 OP &#8216;HUNTER PACK&#8217;","90","","https://hyp3rids.com/product/kona-gold-ibl-2024-op-hunter-pack",""
"hyp3rids.com","LA PERLA NEGRA MEXICAN HEIRLOOM","60","","https://hyp3rids.com/product/la-perla-negra-mexican-heirloom",""
"hyp3rids.com","LAVA HAZE","60","","https://hyp3rids.com/product/lava-haze-hunter-pack",""
"hyp3rids.com","LIGHTENING BOLT","60","","https://hyp3rids.com/product/lightening-bolt",""
"hyp3rids.com","LONG ISLAND HAZE","60","","https://hyp3rids.com/product/long-island-haze",""
"hyp3rids.com","MASTER THAI&#8217;S &#8217;82 TAHOE OG aka BLUE TAHOE","80","","https://hyp3rids.com/product/master-thais-82-tahoe-og-aka-blue-tahoe",""
"hyp3rids.com","MEZQUITAL ORO, ZACATECAS","80","","https://hyp3rids.com/product/mezquital-oro-zacatecas",""
"hyp3rids.com","MOSH PIT","60","","https://hyp3rids.com/product/mosh-pit",""
"hyp3rids.com","THE MUMBLES","60","","https://hyp3rids.com/product/mumbles",""
"hyp3rids.com","No.2 F1","60","","https://hyp3rids.com/product/no-2",""
"hyp3rids.com","No.2 F1 &#8216;HUNTER EDITION&#8217;","90","","https://hyp3rids.com/product/no-2-breeder-pack",""
"hyp3rids.com","No.2 F2 &#8216;DOUBLE PHENO PACK&#8217;","90","","https://hyp3rids.com/product/no-2-f2-double-pack",""
"hyp3rids.com","OL YELLA","60","","https://hyp3rids.com/product/ol-yella",""
"hyp3rids.com","OMP aka OH! My Purple","60","","https://hyp3rids.com/product/omp-aka-oh-my-purple",""
"hyp3rids.com","ORO NEGRA","60","","https://hyp3rids.com/product/oro-negra",""
"hyp3rids.com","PACIFIC PEARL","60","","https://hyp3rids.com/product/pacific-pearl",""
"hyp3rids.com","PEACH LIMÓN","60","","https://hyp3rids.com/product/peach-limon",""
"hyp3rids.com","PONG!!","60","","https://hyp3rids.com/product/pong",""
"hyp3rids.com","PUMA, ZACATECAS IBL MEXICAN LANDRACE","60","","https://hyp3rids.com/product/puma-zacatecas-ibl-mexican-landrace",""
"hyp3rids.com","PUNTO ROJO P3 C-LINE","80","","https://hyp3rids.com/product/punto-rojo-p3-c-line",""
"hyp3rids.com","PURPLE COULEE","60","","https://hyp3rids.com/product/purple-coulee",""
"hyp3rids.com","PURPLE ZACATECAS IBL MEXICO DOUBLE PHENO PACK","90","","https://hyp3rids.com/product/purple-zacatecas-mexico",""
"hyp3rids.com","RED II","60","","https://hyp3rids.com/product/red-ii",""
"hyp3rids.com","RED LIME","60","","https://hyp3rids.com/product/red-lime",""
"hyp3rids.com","REDWOOD HAZE","60","","https://hyp3rids.com/product/redwood-haze",""
"hyp3rids.com","ROPEADOPE","60","","https://hyp3rids.com/product/ropeadope",""
"hyp3rids.com","SAWACANE","90","","https://hyp3rids.com/product/sawacane",""
"hyp3rids.com","SAWA V2","80","","https://hyp3rids.com/product/sawa-ibl",""
"hyp3rids.com","SKU3K F1 &#8211; SKUNK #1 REDUX PROJECT","60","","https://hyp3rids.com/product/sku3k-f1-skunk-1-redux-project",""
"hyp3rids.com","SKU3K DEEZIL F1","60","","https://hyp3rids.com/product/sku3k-f1-x-hawaiian-puna-diesel-ibl-male",""
"hyp3rids.com","SOBA SKU3K","60","","https://hyp3rids.com/product/soba-sku3k",""
"hyp3rids.com","SOBA SKU3K | HUNTER PACK","90","","https://hyp3rids.com/product/soba-sku3k-hunter-pack",""
"hyp3rids.com","SUNDAY BEST","60","","https://hyp3rids.com/product/sunday-best",""
"hyp3rids.com","SWAMP LILLIE","60","","https://hyp3rids.com/product/swamp-lillie",""
"hyp3rids.com","THE LIMEY","80","","https://hyp3rids.com/product/the-limey",""
"hyp3rids.com","THE PITS","60","","https://hyp3rids.com/product/the-pits",""
"hyp3rids.com","TOFFEE A&#8217;MOUR","60","","https://hyp3rids.com/product/toffee-amour",""
"hyp3rids.com","TOFFEE NOIR","60","","https://hyp3rids.com/product/toffee-noir",""
"hyp3rids.com","TUCO","60","","https://hyp3rids.com/product/tuco",""
"hyp3rids.com","WILDCAT","60","","https://hyp3rids.com/product/wildcat",""
"hyp3rids.com","WOLFMAN &#8216;KUATO&#8217;","60","","https://hyp3rids.com/product/wolfman-f2",""
"hyp3rids.com","WOLFMAN &#8216;KUATO&#8217; &#8211;  HUNTER PACK","90","","https://hyp3rids.com/product/wolfman-kuato-hunter-pack",""
"kcbrains.com","Space Mango® (Auto-Feminized)","24,5","kcf20031","https://kcbrains.com/shop/cannabis-seeds/auto-flowering/space-mango-auto-fem/",""
"kcbrains.com","Z-710 (Auto-Feminized)","24,5","kcf20035","https://kcbrains.com/shop/cannabis-seeds/auto-flowering/z-710/",""
"kcbrains.com","Afghani Special® Feminized","24,5","kcf10011","https://kcbrains.com/shop/cannabis-seeds/feminized-seeds/afghani-special-feminized/",""
"kcbrains.com","Bahia Black Head Feminized®","24,5","kcf10019","https://kcbrains.com/shop/cannabis-seeds/feminized-seeds/bahai-black-head-feminized/",""
"kcbrains.com","Brains Damage® (Fem)","24,5","kcf10023","https://kcbrains.com/shop/cannabis-seeds/feminized-seeds/brains-damage-feminized/",""
"kcbrains.com","Brains Escape® (Fem)","24,5","kcf10024","https://kcbrains.com/shop/cannabis-seeds/feminized-seeds/brains-escape-feminized/",""
"kcbrains.com","California Special® Feminized","24,5","kcf10012","https://kcbrains.com/shop/cannabis-seeds/feminized-seeds/california-special-feminized/",""
"kcbrains.com","Cristal Limit® (Fem)","24,5","kcf10018","https://kcbrains.com/shop/cannabis-seeds/feminized-seeds/cristal-limit-feminized/",""
"kcbrains.com","Cyber Cristal® (Fem)","24,5","kcf10010","https://kcbrains.com/shop/cannabis-seeds/feminized-seeds/cyber-cristal-feminized/",""
"kcbrains.com","Double D® (Fem)","24,5","kcf10025","https://kcbrains.com/shop/cannabis-seeds/feminized-seeds/double-d-feminized/",""
"kcbrains.com","Haze Special® (Fem)","24,5","kcf10014","https://kcbrains.com/shop/cannabis-seeds/feminized-seeds/haze-special-feminized/",""
"kcbrains.com","KC 36® Feminized","24,5","kcf10003","https://kcbrains.com/shop/cannabis-seeds/feminized-seeds/kc-36-feminized/",""
"kcbrains.com","K.C. 39® (Fem)","24,5","kcf10020","https://kcbrains.com/shop/cannabis-seeds/feminized-seeds/kc-39-feminized/",""
"kcbrains.com","K.C. 42® (Fem)","24,5","kcf10021","https://kcbrains.com/shop/cannabis-seeds/feminized-seeds/kc-42-feminized/",""
"kcbrains.com","Mango® Feminized","24,5","kcf10004","https://kcbrains.com/shop/cannabis-seeds/feminized-seeds/mango-feminized/",""
"kcbrains.com","Northern Light Special® (Fem)","24,5","kcf10013","https://kcbrains.com/shop/cannabis-seeds/feminized-seeds/northern-light-special-feminized/",""
"kcbrains.com","Swiss-xT® Feminized","24,5","kcf10006","https://kcbrains.com/shop/cannabis-seeds/feminized-seeds/swiss-xt-feminized/",""
"kcbrains.com","Brains Choice®","9,5","kc10022","https://kcbrains.com/shop/cannabis-seeds/regular-seeds/brains-choice/",""
"kcbrains.com","Brains Damage®","9,5","kc10023","https://kcbrains.com/shop/cannabis-seeds/regular-seeds/brains-damage/",""
"kcbrains.com","Brasil x K.C.®","9,5","kc10008","https://kcbrains.com/shop/cannabis-seeds/regular-seeds/brasil-x-k-c/",""
"kcbrains.com","Cristal Limit®","9,5","kc10018","https://kcbrains.com/shop/cannabis-seeds/regular-seeds/cristal-limit/",""
"kcbrains.com","Cristal Paradise®","9,5","kc10016","https://kcbrains.com/shop/cannabis-seeds/regular-seeds/cristal-paradise/",""
"kcbrains.com","KC 36® Regular","9,5","kc10003","https://kcbrains.com/shop/cannabis-seeds/regular-seeds/kc-36-regular/",""
"kcbrains.com","K.C. 39®","9,5","kc10020","https://kcbrains.com/shop/cannabis-seeds/regular-seeds/kc-39/",""
"kcbrains.com","K.C. 45®","9,5","kc10026","https://kcbrains.com/shop/cannabis-seeds/regular-seeds/kc-45/",""
"kcbrains.com","Mango®","9,5","kc10004","https://kcbrains.com/shop/cannabis-seeds/regular-seeds/mango/",""
"kcbrains.com","Northern Light Special®","9,5","kc10013","https://kcbrains.com/shop/cannabis-seeds/regular-seeds/northern-light-special/",""
"kcbrains.com","Swiss-xT®","9,5","kc10006","https://kcbrains.com/shop/cannabis-seeds/regular-seeds/swiss-xt/",""
"lasemillaautomatica.com","Bebé","6","","https://lasemillaautomatica.com/tienda/autoflorecientes/bebe/",""
"lasemillaautomatica.com","Critical Hit","7","","https://lasemillaautomatica.com/tienda/autoflorecientes/critical-hit/",""
"lasemillaautomatica.com","Jack Sparrow","6","","https://lasemillaautomatica.com/tienda/autoflorecientes/jack-sparrow/",""
"lasemillaautomatica.com","Kame Kush","7","","https://lasemillaautomatica.com/tienda/autoflorecientes/kame-kush/",""
"lasemillaautomatica.com","Púrpura","5","","https://lasemillaautomatica.com/tienda/autoflorecientes/purpura/",""
"lasemillaautomatica.com","La Galena","7","","https://lasemillaautomatica.com/tienda/cbd/cbd-auto/la-galena/",""
"lasemillaautomatica.com","Sión","8","","https://lasemillaautomatica.com/tienda/cbd/cbd-fem/sion/",""
"lasemillaautomatica.com","Critical Candy","7","aab3238922bc","https://lasemillaautomatica.com/tienda/fotodependientes/critical-candy/",""
"lasemillaautomatica.com","Orión","7","","https://lasemillaautomatica.com/tienda/fotodependientes/orion/",""
"lasemillaautomatica.com","Camiseta &#8211; Chocolate","10","MER04","https://lasemillaautomatica.com/tienda/merchandising/camiseta-chocolate/",""
"lasemillaautomatica.com","Camiseta &#8211; Kame Kush","10","MER03","https://lasemillaautomatica.com/tienda/merchandising/camiseta-kame-kush/",""
"lasemillaautomatica.com","Camiseta &#8211; Bebé","11,99","CAMBEB","https://lasemillaautomatica.com/tienda/merchandising/camisetas/camiseta-bebe/",""
"lasemillaautomatica.com","Camiseta &#8211; Hot Lemon","11,99","CAMHL","https://lasemillaautomatica.com/tienda/merchandising/camisetas/camiseta-hot-lemon/",""
"lasemillaautomatica.com","Camiseta &#8211; Lemon Ultra Haze","12,49","CAMLUH","https://lasemillaautomatica.com/tienda/merchandising/camisetas/camiseta-lemon-ultra-haze/",""
"lasemillaautomatica.com","Camiseta &#8211; Púrpura","11,99","CAMPUR","https://lasemillaautomatica.com/tienda/merchandising/camisetas/camiseta-purpura/",""
"lasemillaautomatica.com","Camiseta &#8211; Sión","11,99","CAMSI","https://lasemillaautomatica.com/tienda/merchandising/camisetas/camiseta-sion/",""
"lasemillaautomatica.com","Camiseta &#8211; TERMINATOR","11","MER08","https://lasemillaautomatica.com/tienda/merchandising/camiseta-terminator/",""
"lasemillaautomatica.com","Papel Natural King Size","1","MER01","https://lasemillaautomatica.com/tienda/merchandising/papel-natural-king-size/",""
"lasemillaautomatica.com","Taza &#8211; Arándano","6,99","TAZARA","https://lasemillaautomatica.com/tienda/merchandising/tazas/taza-arandano/",""
"lasemillaautomatica.com","Taza &#8211; Bebé","6,99","TAZBEBE","https://lasemillaautomatica.com/tienda/merchandising/tazas/taza-bebe/",""
"lasemillaautomatica.com","Taza &#8211; Critical Candy","6,99","TAZCC","https://lasemillaautomatica.com/tienda/merchandising/tazas/taza-critical-candy/",""
"lasemillaautomatica.com","Taza &#8211; Critical Hit","6,99","TAZCH","https://lasemillaautomatica.com/tienda/merchandising/tazas/taza-critical-hit/",""
"lasemillaautomatica.com","Taza &#8211; La Galena","6,99","TAZLG","https://lasemillaautomatica.com/tienda/merchandising/tazas/taza-la-galena/",""
"lasemillaautomatica.com","Taza &#8211; Sión","6,99","TAZSI","https://lasemillaautomatica.com/tienda/merchandising/tazas/taza-sion/",""
"northcoastgenetics.com","ACAPULCO GOLD HEIRLOOM","100","AGH","https://northcoastgenetics.com/product/acapulco-gold-heirloom",""
"northcoastgenetics.com","African Blueberry","50","ABB","https://northcoastgenetics.com/product/african-blueberry",""
"northcoastgenetics.com","AK47 Preservation IBL","50","AK47PIBL","https://northcoastgenetics.com/product/ak47-preservation-ibl",""
"northcoastgenetics.com","Bakhl Valley Afghanistan Hash Plant","75","BVAHP","https://northcoastgenetics.com/product/bakhl-valley-afghanistan-hash-plant",""
"northcoastgenetics.com","BELDIA MORROCIAN LANDRACE X WEDDING CAKE","40","BMLRxWC","https://northcoastgenetics.com/product/beldia-morrocian-landrace-x-wedding-cake",""
"northcoastgenetics.com","BERRY FREAK X KROENG KRAWIA","40","BFxKK","https://northcoastgenetics.com/product/berry-freak-x-kroeng-krawia",""
"northcoastgenetics.com","Black African Magic","125","BAF","https://northcoastgenetics.com/product/black-african-magic",""
"northcoastgenetics.com","BLACK DOMINA X MOUNG XAI SATIVA","40","BDxMXS","https://northcoastgenetics.com/product/black-domina-x-moung-xai-sativa",""
"northcoastgenetics.com","Black Hash x Moang Xai","40","BHxMX","https://northcoastgenetics.com/product/black-hash-x-moang-xai",""
"northcoastgenetics.com","Black Shebergen","40","BLSH","https://northcoastgenetics.com/product/black-shebergen",""
"northcoastgenetics.com","Black Thai","50","BLTH","https://northcoastgenetics.com/product/black-thai",""
"northcoastgenetics.com","Blueberry #2","50","BB2","https://northcoastgenetics.com/product/blueberry-2",""
"northcoastgenetics.com","Blue Ice","50","BLICE","https://northcoastgenetics.com/product/blue-ice",""
"northcoastgenetics.com","Burmese Kush","40","BURKSH","https://northcoastgenetics.com/product/burmese-kush",""
"northcoastgenetics.com","ZAMBERRY X BLUE ICE","40","ZAMxBI","https://northcoastgenetics.com/product/cement-shoes-x-zamberry",""
"northcoastgenetics.com","Critical Amnesia x Wedding Cake","50","CAxWC","https://northcoastgenetics.com/product/critical-amnesia-x-wedding-cake",""
"northcoastgenetics.com","DURBAN POISON X CEMENT SHOES","50","DPxCS","https://northcoastgenetics.com/product/durban-poison-x-cement-shoes",""
"northcoastgenetics.com","Feminized Road Kill Skunk","50","OBD","https://northcoastgenetics.com/product/feminized-road-kill-skunk",""
"northcoastgenetics.com","FREAK BERRY FREAK","50","FBF","https://northcoastgenetics.com/product/freak-berry-freak",""
"northcoastgenetics.com","Highland Napalese x Viet Black","175","HNxVB","https://northcoastgenetics.com/product/highland-napalese-x-viet-black",""
"northcoastgenetics.com","Honey Bucket Hash","25","DESR","https://northcoastgenetics.com/product/honey-bucket-hash",""
"northcoastgenetics.com","Killer Glue Haze","40","KGH","https://northcoastgenetics.com/product/killer-glue-haze",""
"northcoastgenetics.com","KILLER GLUE HAZE CAKE F2","25","KGHCF2","https://northcoastgenetics.com/product/killer-glue-haze-cake-f2",""
"northcoastgenetics.com","KROEG KRAWIA X MOLOKAI KUSH","40","KKxMK","https://northcoastgenetics.com/product/kroeg-krawia-x-molokai-kush",""
"northcoastgenetics.com","Kroeng Krawia Thai x Molikai Mountain Kush","50","KKTxMMK","https://northcoastgenetics.com/product/kroeng-krawia-thai-x-molikai-mountain-kush",""
"northcoastgenetics.com","Kumaonis","75","KUMAONIS","https://northcoastgenetics.com/product/kumaonis",""
"northcoastgenetics.com","KWAZULU NATL HIGHLAND &#8211; &#8216;The Eagle&#8217;","150","KNTLH","https://northcoastgenetics.com/product/kwazulu-natl-highland",""
"northcoastgenetics.com","Malana &#8220;Waichin&#8221; Bruce&#8217;s Selection","125","MWBS","https://northcoastgenetics.com/product/malana-waichin-bruces-selection",""
"northcoastgenetics.com","Malawi Landrace","100","MALLR","https://northcoastgenetics.com/product/malawi",""
"northcoastgenetics.com","MAUI RED X PUNTO ROJO","40","MRxPR","https://northcoastgenetics.com/product/maui-red-x-punta-rojo",""
"northcoastgenetics.com","Mazar I Sharif","75","MIS","https://northcoastgenetics.com/product/mazar-i-sharif",""
"northcoastgenetics.com","Molokai Kush","75","MOLOKUSH","https://northcoastgenetics.com/product/molokai-kush",""
"northcoastgenetics.com","Morroco Beldia Hash Plant","50","MBHP","https://northcoastgenetics.com/product/morroco-beldia-hash-plant",""
"northcoastgenetics.com","Moung Xai Thai Landrace Sativa","50","MXTLS","https://northcoastgenetics.com/product/moung-xai-thai-landrace-sativa",""
"northcoastgenetics.com","NEVILLES HAZE 5 X NEVILLES HAZE 1 (A5)","75","NH5xNH1","https://northcoastgenetics.com/product/nevilles-haze-5-x-nevilles-haze-1-a5",""
"northcoastgenetics.com","Neville’s Haze “Sage” Pheno","50","NHSP","https://northcoastgenetics.com/product/nevilles-haze-sage-pheno",""
"northcoastgenetics.com","Oregon Blue Dream","50","OBD","https://northcoastgenetics.com/product/oregonbluedream",""
"northcoastgenetics.com","OREO X SYRIAN &#8211; Serial Killer","75","SKiller","https://northcoastgenetics.com/product/oreo-x-syrian-serial-killer",""
"northcoastgenetics.com","Original NYSD Preservation IBL","50","NYSD","https://northcoastgenetics.com/product/original-nysd-preservation-ibl",""
"northcoastgenetics.com","Papas &#8220;Gunguni DHAR Selection&#8221;","125","PGDS","https://northcoastgenetics.com/product/papas-gunguni-dhar-selection",""
"northcoastgenetics.com","PPC X ACAPULCO GOLD HEIRLOOM","40","PPCxAGH","https://northcoastgenetics.com/product/ppc-x-acapulco-gold-heirloom",""
"northcoastgenetics.com","Project X x AK47","40","PXxAK47","https://northcoastgenetics.com/product/project-x-x-ak47",""
"northcoastgenetics.com","Punto Rojo X KD","50","PRxKD","https://northcoastgenetics.com/product/puna-rojo-x-kd",""
"northcoastgenetics.com","Purple Kush","50","PK","https://northcoastgenetics.com/product/purple-kush",""
"northcoastgenetics.com","Purple Kush x AK47","50","PKxAK47","https://northcoastgenetics.com/product/purple-kush-x-ak47",""
"northcoastgenetics.com","Purple Panty Cake F1","25","PPCF1","https://northcoastgenetics.com/product/purple-panty-cake-f1",""
"northcoastgenetics.com","PURPLE PANTY CAKE F -2","25","PPCF2","https://northcoastgenetics.com/product/purple-panty-cake-f-2",""
"northcoastgenetics.com","Purple Panty Cake x Blue Ice","40","PPCxBICE","https://northcoastgenetics.com/product/purple-panty-cake-x-blue-ice",""
"northcoastgenetics.com","Purple PCK classic Heirloom","50","PPCH","https://northcoastgenetics.com/product/purple-pck-classic-heirloom",""
"northcoastgenetics.com","Pursat","125","TCL","https://northcoastgenetics.com/product/pursat",""
"northcoastgenetics.com","Rasol &#8220;Ordinar&#8221; Selection","125","ROS","https://northcoastgenetics.com/product/rasol-ordinar-selection",""
"northcoastgenetics.com","Rasol &#8220;Vairam&#8221; Selection","125","RVS","https://northcoastgenetics.com/product/rasol-vairam-selection",""
"northcoastgenetics.com","SHEBERGAN X KROENG KRAWIA THAI LANDRACE","25","SxKKTLR","https://northcoastgenetics.com/product/shebergan-x-kroeng-krawia-thai-landrace",""
"northcoastgenetics.com","SKUNK 1 X WEDDING CAKE","75","S1xWC","https://northcoastgenetics.com/product/skunk-1-x-wedding-cake",""
"northcoastgenetics.com","SYRIAN LANDRACE GENETICS/SATIVA HASH PLANT","50","SLRSHP","https://northcoastgenetics.com/product/syrian-landrace",""
"northcoastgenetics.com","Tangie","100","TNGY","https://northcoastgenetics.com/product/tangie",""
"northcoastgenetics.com","Zamberry &#8211; Kaya Seed Company","50","DESR","https://northcoastgenetics.com/product/zamberryks",""
"northcoastgenetics.com","ZAMBERRY X PANAMA RED","40","ZxPR","https://northcoastgenetics.com/product/zamberry-x-panama-red",""
"spliffseeds.nl","Afghani Gold Female Cannabis Seeds","27,5","8950116","https://www.spliffseeds.nl/product/afghani-gold-female-cannabis-seeds/",""
"spliffseeds.nl","AK Female Cannabis Seeds","32,5","8950131","https://www.spliffseeds.nl/product/ak-female-cannabis-seeds/",""
"spliffseeds.nl","Amnesiac Female Cannabis Seeds","32,5","8950137","https://www.spliffseeds.nl/product/amnesiac-female-cannabis-seeds/",""
"spliffseeds.nl","Blue Berry Female Cannabis Seeds","32,5","8950404","https://www.spliffseeds.nl/product/blue-berry-female-cannabis-seeds/",""
"spliffseeds.nl","Blue Berry Regular Cannabis Seeds","17,5","8900404","https://www.spliffseeds.nl/product/blue-berry-regular-cannabis-seeds/",""
"spliffseeds.nl","Blue Dream Automatic Female Cannabis Seeds","27,5","8950410A","https://www.spliffseeds.nl/product/blue-dream-automatic-female-cannabis-seeds/",""
"spliffseeds.nl","Blue Dream Female Cannabis Seeds","32,5","8950410","https://www.spliffseeds.nl/product/blue-dream-female-cannabis-seeds/",""
"spliffseeds.nl","Blue Medi Kush Female Cannabis Seeds","32,5","8950437","https://www.spliffseeds.nl/product/blue-medi-kush-female-cannabis-seeds/",""
"spliffseeds.nl","Dutch Automatic Female Cannabis Seeds","24,9","8951001A","https://www.spliffseeds.nl/product/dutch-automatic-female-cannabis-seeds/",""
"spliffseeds.nl","Dutch Blue Automatic Female Cannabis Seeds","24,9","8951004A","https://www.spliffseeds.nl/product/dutch-blue-automatic-female-cannabis-seeds/",""
"spliffseeds.nl","Fast Bud Outdoor Female Cannabis Seeds","36,5","8951604","https://www.spliffseeds.nl/product/fast-bud-outdoor-female-cannabis-seeds/",""
"spliffseeds.nl","Gelato Automatic Female Cannabis Seeds","27,5","8951934A","https://www.spliffseeds.nl/product/gelato-automatic-female-cannabis-seeds/",""
"spliffseeds.nl","Gelato Female Cannabis Seeds","32,5","8951934","https://www.spliffseeds.nl/product/gelato-female-cannabis-seeds/",""
"spliffseeds.nl","Girls Scout Cookies Female Cannabis Seeds","32,5","8951925","https://www.spliffseeds.nl/product/girls-scout-cookies-female-cannabis-seeds/",""
"spliffseeds.nl","Gold Bar Kush Female Cannabis Seeds","32,5","8951931","https://www.spliffseeds.nl/product/gold-bar-kush-female-cannabis-seeds/",""
"spliffseeds.nl","Gorilla Female Cannabis Seeds","32,5","8951943","https://www.spliffseeds.nl/product/gorilla-female-cannabis-seeds/",""
"spliffseeds.nl","Haze #1 Regular Cannabis Seeds","9,9","8902201","https://www.spliffseeds.nl/product/haze-regular-cannabis-seeds/",""
"spliffseeds.nl","Jack F1 Regular Cannabis Seeds","17,5","8902816","https://www.spliffseeds.nl/product/jack-f1-regular-cannabis-seeds/",""
"spliffseeds.nl","Lemon Cream Kush Automatic Female Cannabis Seeds","27,5","8953407A","https://www.spliffseeds.nl/product/lemon-cream-kush-automatic-female-cannabis-seeds/",""
"spliffseeds.nl","Lemon Cream Kush Female Cannabis Seeds","32,5","8953407","https://www.spliffseeds.nl/product/lemon-cream-kush-female-cannabis-seeds/",""
"spliffseeds.nl","Mint Runtz Automatic Female Cannabis Seeds","27,5","8953752A","https://www.spliffseeds.nl/product/mint-runtz-automatic-female-cannabis-seeds/",""
"spliffseeds.nl","Neville&#8217;s Haze Automatic Female Cannabis Seeds","27,5","8954022A","https://www.spliffseeds.nl/product/nevilles-haze-automatic-female-cannabis-seeds/",""
"spliffseeds.nl","Neville&#8217;s Haze Female Cannabis Seeds","32,5","8954022","https://www.spliffseeds.nl/product/nevilles-haze-female-cannabis-seeds/",""
"spliffseeds.nl","Power Plant Female Cannabis Seeds","32,5","8954646","https://www.spliffseeds.nl/product/power-plant-female-cannabis-seeds/",""
"spliffseeds.nl","Purple Berry Kush Female Cannabis Seeds","29,9","8954661","https://www.spliffseeds.nl/product/purple-berry-kush-female-cannabis-seeds/",""
"spliffseeds.nl","Snow White Female Cannabis Seeds","36,5","8955540","https://www.spliffseeds.nl/product/snow-white-female-cannabis-seeds/",""
"spliffseeds.nl","Spliff Cheese Automatic Female Cannabis Seeds","24","8955546A","https://www.spliffseeds.nl/product/spliff-cheese-automatic-female-cannabis-seeds/",""
"spliffseeds.nl","Spliff Strawberry Female Cannabis Seeds","36,5","8955558","https://www.spliffseeds.nl/product/spliff-s-strawberry-female-cannabis-seeds/",""
"spliffseeds.nl","Super Skunk Female Cannabis Seeds","32,5","8955561","https://www.spliffseeds.nl/product/super-skunk-female-cannabis-seeds/",""
"spliffseeds.nl","Super Skunk Regular Cannabis Seeds","17,5","8905561","https://www.spliffseeds.nl/product/super-skunk-regular-cannabis-seeds/",""
"spliffseeds.nl","Sweet &#8216;n Sour Female Cannabis Seeds","36,5","895082","https://www.spliffseeds.nl/product/sweet-n-sour-indoor-female-cannabis-seeds/",""
"spliffseeds.nl","Sweet &#8216;n Sour Outdoor Female Cannabis Seeds","36,5","8955567","https://www.spliffseeds.nl/product/sweet-n-sour-outdoor-female-cannabis-seeds/",""
"spliffseeds.nl","White Widow Female Cannabis Seeds","34,9","8956767","https://www.spliffseeds.nl/product/white-widow-female-cannabis-seeds/",""
"spliffseeds.nl","Zkittlez Female Cannabis Seeds","32,5","8957631","https://www.spliffseeds.nl/product/zkittlez-female-cannabis-seeds/",""
"thebulldogseeds.com","Biscotti","35","BF1119","https://thebulldogseeds.com/product/biscotti/",""
"thebulldogseeds.com","Joris Pound Cake","36","Joris Pound Cake","https://thebulldogseeds.com/product/joris-pound-cake/",""
"thebulldogseeds.com","TB Kush","25","OG Kush x Banana Punch","https://thebulldogseeds.com/product/tb-kush/",""
"thebulldogseeds.com","TB Purple CBD Auto","27","TB Purple CBD Auto","https://thebulldogseeds.com/product/tb-purple-cbd-auto/",""
"thebulldogseeds.com","TB Runtz","29","Runtz","https://thebulldogseeds.com/product/tb-runtz/",""
"thebulldogseeds.com","TB Skittlez Auto","27","TB Skittlez Auto","https://thebulldogseeds.com/product/tb-skittlez-auto/",""
"thebulldogseeds.com","TB Wedding Cake","29","TB Wedding Cake","https://thebulldogseeds.com/product/tb-wedding-cake/",""
"thebulldogseeds.com","The Bulldog Amsterdam Acrylic 3-Part Grinder –  Original &#038; Authentic","4,5","","https://thebulldogseeds.com/product/the-bulldog-amsterdam-acrylic-3-part-grinder-original-authentic/",""
"thebulldogseeds.com","The Bulldog Amsterdam Ashtray Tin –  Black","3,95","","https://thebulldogseeds.com/product/the-bulldog-amsterdam-ashtray-tin-black/",""
"thebulldogseeds.com","The Bulldog Amsterdam Black Clipper – Original &#038; Authentic","2,5","","https://thebulldogseeds.com/product/the-bulldog-amsterdam-black-clipper-original-authentic/",""
"thebulldogseeds.com","The Bulldog Gelato 17","35","The Bulldog Gelato 17","https://thebulldogseeds.com/product/the-bulldog-gelato-17/",""
"visionseeds.nl","Amnesia Haze – AutoFem","22,5","VS-420-1620-XX","https://www.visionseeds.nl/product/amnesia-haze-autofem/",""
"visionseeds.nl","Big Bud","22,5","VS-420-0567-XX","https://www.visionseeds.nl/product/big-bud/",""
"visionseeds.nl","Blue Power","15","VS-420-1605-XX","https://www.visionseeds.nl/product/blue-power/",""
"visionseeds.nl","Bona Dea – CDB+","22,5","VS-420-1944-XX","https://www.visionseeds.nl/product/bona-dea-cdb/",""
"visionseeds.nl","Brainkiller Haze","25","VS-420-1721-XX","https://www.visionseeds.nl/product/brainkiller-haze/",""
"visionseeds.nl","Caramel Monster","22,5","VS-150-2876-XX","https://www.visionseeds.nl/product/caramel-monster/",""
"visionseeds.nl","Choco Bud","22,5","VS-420-2112-XX","https://www.visionseeds.nl/product/choco-bud/",""
"visionseeds.nl","Dark Star x AK-49","25","VS-150-2879-XX","https://www.visionseeds.nl/product/dark_star_ak49/",""
"visionseeds.nl","Delhi Cheese – AutoFem","15","VS-420-1626-XX","https://www.visionseeds.nl/product/delhi-cheese-autofem/",""
"visionseeds.nl","Doctor Jamaica","17,5","VS-420-1722-XX","https://www.visionseeds.nl/product/doctor-jamaica/",""
"visionseeds.nl","Doctor Jamaica Auto","22,5","VS-150-2903-XX","https://www.visionseeds.nl/product/doctor-jamaica-auto/",""
"visionseeds.nl","La Blanca Gold","17,5","VS-420-1614-XX","https://www.visionseeds.nl/product/la-blanca-gold/",""
"visionseeds.nl","La Blanca Gold AutoFem","17,5","VS-420-1723-XX","https://www.visionseeds.nl/product/la-blanca-gold-autofem/",""
"visionseeds.nl","Mighty Mango Bud","17,5","VS-420-1724-XX","https://www.visionseeds.nl/product/mighty-mango-bud/",""
"visionseeds.nl","Northern Lights","17,5","VS-420-0571-XX","https://www.visionseeds.nl/product/northern-lights/",""
"visionseeds.nl","Northern Lights – AutoFem","17,5","VS-420-0572-XX","https://www.visionseeds.nl/product/northern-lights-autofem/",""
"visionseeds.nl","NY Diesel","17,5","VS-420-0576-XX","https://www.visionseeds.nl/product/ny-diesel/",""
"visionseeds.nl","Supreme Lemon","22,5","VS-420-1725-XX","https://www.visionseeds.nl/product/supreme-lemon/",""
"visionseeds.nl","Vision Cookies","22,5","VS-420-1727-XX","https://www.visionseeds.nl/product/vision-cookies/",""
"visionseeds.nl","Vision Gelato Auto","22,5","VS-150-2909-XX","https://www.visionseeds.nl/product/vision-gelato-auto/",""
"visionseeds.nl","Vision Gorilla","25","VS-150-2891-XX","https://www.visionseeds.nl/product/vision-gorilla/",""
"visionseeds.nl","Vision Jack &#8211; AutoFem","17,5","VS-420-1730-XX","https://www.visionseeds.nl/product/vision-jack-autofem/",""
