"site","title","price","url","image","type","sku","vendor"
"aceseeds.org","2 Guawi Feminizada","500","https://www.aceseeds.org/semillas/3-guawi-feminizada/","","wc_store_product","Guawi_feminized_seeds-1",""
"aceseeds.org","3 Thai A5 Haze Feminizada","500","https://www.aceseeds.org/semillas/3-thai-a5-haze-feminizada/","","wc_store_product","ThaiA5Haze_feminized_seeds-1",""
"aceseeds.org","A5 Haze x PCK I+D Regular","80","https://www.aceseeds.org/semillas/a5hazexpck-semillas-regulares/","","wc_store_product","A5HazexPCK_regular_seeds",""
"aceseeds.org","A5 Haze x Zamaldelica I+D Regular","80","https://www.aceseeds.org/semillas/a5hazexzamaldelica-semillas-regulares/","","wc_store_product","A5HazexZamaldelica_regular_seeds",""
"aceseeds.org","ACE Mix Feminizada","21","https://www.aceseeds.org/semillas/ace-mix-feminizada-semillas-baratas/","","wc_store_product","ACE_Mix_Feminized_cheap_seeds",""
"aceseeds.org","ACE Mix Regular","21","https://www.aceseeds.org/semillas/ace-mix-regular-semillas-baratas/","","wc_store_product","ACE_Mix_regular_cheap_seeds",""
"aceseeds.org","Afgana Maruf Selección Roja Regular","150","https://www.aceseeds.org/semillas/afgana-maruf-seleccion-roja-semillas-regulares/","","wc_store_product","Afghan_Maruf_24_Red_Selection_regular_seeds",""
"aceseeds.org","Afgana Nawa Selección Élite Regular","150","https://www.aceseeds.org/semillas/afgana-nawa-seleccion-elite-semillas-regulares/","","wc_store_product","Afghan_Nawa_Elite_regular_seeds",""
"aceseeds.org","Bangi Congo x Zamaldelica I+D Regular","50","https://www.aceseeds.org/semillas/bangicongoxzamaldelica-regular/","","wc_store_product","BangiCongoxZamaldelica_regular",""
"aceseeds.org","Bangi Haze Regular","35","https://www.aceseeds.org/semillas/bangi-haze-semillas-regulares/","","wc_store_product","Bangi_Haze_regular_seeds",""
"aceseeds.org","Bangi Haze x ErdPurt I+D Regular","50","https://www.aceseeds.org/semillas/bangihazexerdpurt-regular/","","wc_store_product","BangiHazexErdPurt_regular_seeds",""
"aceseeds.org","C5 Haze x Kali China Feminizada","65","https://www.aceseeds.org/semillas/c5-haze-x-kali-china-semillas-feminizadas/","","wc_store_product","C5HazexKaliChina_feminized_seeds",""
"aceseeds.org","C5 Haze x Panama I+D Regular","65","https://www.aceseeds.org/semillas/c5-haze-x-panama-id-regular/","","wc_store_product","C5HazexPanama_regular-seeds",""
"aceseeds.org","C5 Haze x Zamaldelica I+D Regular","65","https://www.aceseeds.org/semillas/c5hazexzamaldelica-regular/","","wc_store_product","C5HazexZamaldelica_regular-seeds",""
"aceseeds.org","Cachemira Regular","35","https://www.aceseeds.org/semillas/cachemira-semillas-regulares/","","wc_store_product","Kashmir_regular_seeds",""
"aceseeds.org","CBD # 1 x Panama I+D Feminizada","32,5","https://www.aceseeds.org/semillas/cbd1xpanama-semillas-feminizadas/","","wc_store_product","CBD1xPanama_feminized_seeds",""
"aceseeds.org","CBD # 1 x PCK morada 2002 I+D Feminizada","32,5","https://www.aceseeds.org/semillas/cbd1xpurplepck-2002-semillas-feminizadas/","","wc_store_product","CBD1xPurplePCK 2002_feminized-seeds",""
"aceseeds.org","CBD # 5 x ErdPurt I+D Regular","32,5","https://www.aceseeds.org/semillas/cbd5xerdpurt-semillas-regulares/","","wc_store_product","CBD5xErdPurt_regular_seeds",""
"aceseeds.org","China Yunnan Regular","35","https://www.aceseeds.org/semillas/china-yunnan-semillas-regulares/","","wc_store_product","China_Yunnan_regular_seeds",""
"aceseeds.org","Congo Feminizada","15","https://www.aceseeds.org/semillas/congo-semillas-feminizadas/","","wc_store_product","Congo_feminized_seeds",""
"aceseeds.org","Congo Regular","35","https://www.aceseeds.org/semillas/congo-semillas-regulares/","","wc_store_product","Congo_regular_seeds",""
"aceseeds.org","Congo x A5 Haze I+D Feminizada","65","https://www.aceseeds.org/semillas/congosxa5haze-semillas-feminizadas/","","wc_store_product","CongoxA5haze_feminized_seeds",""
"aceseeds.org","Congo x Zamaldelica I+D Regular","50","https://www.aceseeds.org/semillas/congo-x-zamaldelica-id-semillas-regulares/","","wc_store_product","CongoxZamaldelica_regular-seeds",""
"aceseeds.org","ErdPurt Feminizada","7,5","https://www.aceseeds.org/semillas/erdpurt-semillas-feminizadas/","","wc_store_product","ErdPurt_feminized_seeds",""
"aceseeds.org","ErdPurt Regular","17,5","https://www.aceseeds.org/semillas/erdpurt-semillas-regulares/","","wc_store_product","ErdPurt_regular_seeds",""
"aceseeds.org","ErdPurt x Panama I+D Feminizada","50","https://www.aceseeds.org/semillas/erdpurtxpanama-semillas-feminizadas/","","wc_store_product","ErdPurtxPanama_feminized_seeds",""
"aceseeds.org","Etíope Regular","35","https://www.aceseeds.org/semillas/etiopia-semillas-regulares/","","wc_store_product","Ethiopia_regular_seeds",""
"aceseeds.org","Golden Tiger Regular","35","https://www.aceseeds.org/semillas/golden-tiger-semillas-regulares/","","wc_store_product","Golden_Tiger_regular_seeds",""
"aceseeds.org","Golden Tiger x ErdPurt I+D Regular","50","https://www.aceseeds.org/semillas/goldentigerxerdpurt-regular/","","wc_store_product","GoldenTigerxErdPurt_regular",""
"aceseeds.org","Green Haze #19 x Zamaldelica I+D Regular","50","https://www.aceseeds.org/semillas/greenhazexzamaldelica-semillas-regulares/","","wc_store_product","GreenHazexZamaldelica_regular_seeds",""
"aceseeds.org","Guawi Feminizada","15","https://www.aceseeds.org/semillas/guawi-semillas-feminizadas/","","wc_store_product","Guawi_feminized_seeds",""
"aceseeds.org","Hangkrarok Champion Seeds Regular","30","https://www.aceseeds.org/semillas/hangkrarok-champion-semillas-regulares/","","wc_store_product","Hangkrarok-Champion-regular-seeds",""
"aceseeds.org","HashPlant Haze x Malawi I+D Regular","65","https://www.aceseeds.org/semillas/hashplanthazexmalawi-semillas-regulares/","","wc_store_product","HashPlantHazexMalawi_regular_seeds",""
"aceseeds.org","12 HashTonic Regular","500","https://www.aceseeds.org/semillas/hashtonic-regular-copia/","","wc_store_product","HashTonic_regular_seeds-1",""
"aceseeds.org","Haze X Kali China Feminizada","15","https://www.aceseeds.org/semillas/hazexkalichina-semillas-feminizadas/","","wc_store_product","HazexKaliChina_feminized_seeds",""
"aceseeds.org","Himalaya Snow Regular","50","https://www.aceseeds.org/semillas/himalaya-snow-semillas-regulares/","","wc_store_product","Himalaya_Snow_regular_seeds",""
"aceseeds.org","Honduras Regular","35","https://www.aceseeds.org/semillas/honduras-semillas-regulares/","","wc_store_product","Honduras_regular_seeds",""
"aceseeds.org","Juanita x ErdPurt I+D Regular","32,5","https://www.aceseeds.org/semillas/juanitaxerdpurt-semillas-regulares/","","wc_store_product","JuanitaxErdPurt_regular_seeds",""
"aceseeds.org","Juanita x Malawi I+D Feminizada","65","https://www.aceseeds.org/semillas/juanitaxmalawi-semillas-feminizadas/","","wc_store_product","JuanitaxMalawi_feminized_seeds",""
"aceseeds.org","Kali China Feminizada","15","https://www.aceseeds.org/semillas/kali-china-semillas-feminizadas/","","wc_store_product","Kali_China_feminized_seeds",""
"aceseeds.org","Kalidonia Feminizada","50","https://www.aceseeds.org/semillas/kalidonia-semillas-feminizadas/","","wc_store_product","Kalidonia_feminized_seeds",""
"aceseeds.org","Killer A5 Haze Feminizada","18","https://www.aceseeds.org/semillas/killer-a5-haze-semillas-feminizadas/","","wc_store_product","Killer_A5_Haze_feminized_seeds",""
"aceseeds.org","Lao Highland Regular","48","https://www.aceseeds.org/semillas/lao-highland-semillas-regulares/","","wc_store_product","Lao_Highland_regular_seeds",""
"aceseeds.org","Lavender x ErdPurt I+D Regular","65","https://www.aceseeds.org/semillas/lavenderxerdpurt-semillas-regulares/","","wc_store_product","LavenderxErdPurt_regular_seeds",""
"aceseeds.org","Líbano Regular","17,5","https://www.aceseeds.org/semillas/libano-semillas-regulares/","","wc_store_product","Lebanese_regular_seeds",""
"aceseeds.org","Malawi / PCK #47 morada x ErdPurt I+D Regular","50","https://www.aceseeds.org/semillas/malawipckxerdpurt-semillas-regulares/","","wc_store_product","MalawiPCKxErdPurt_regular_seeds",""
"aceseeds.org","Malawi / PCK #47 morada x Nueva Malawi asesina I+D Feminizada","50","https://www.aceseeds.org/semillas/malawipckxnewmalawikiller-fem/","","wc_store_product","MalawiPCKxNewMalawiKiller_feminized_seeds",""
"aceseeds.org","Malawi Feminizada","15","https://www.aceseeds.org/semillas/malawi-semillas-feminizadas/","","wc_store_product","Malawi_feminized_seeds",""
"aceseeds.org","Malawi Regular","45","https://www.aceseeds.org/semillas/malawi-semillas-regulares/","","wc_store_product","Malawi_regular_seeds",""
"aceseeds.org","Malawi x Panamá Regular","35","https://www.aceseeds.org/semillas/malawixpanama-semillas-regulares/","","wc_store_product","malawixpanama_regular_seeds",""
"aceseeds.org","12 Marruecos Beldia Kif Regular","500","https://www.aceseeds.org/semillas/marruecos-beldia-kif-regular-copia/","","wc_store_product","Moroccan_Beldia_Kif_regular_seeds-1",""
"aceseeds.org","Marruecos Beldia Kif Regular","13","https://www.aceseeds.org/semillas/marruecos-beldia-kif-semillas-regulares/","","wc_store_product","Moroccan_Beldia_Kif_regular_seeds",""
"aceseeds.org","Mekhong Classic Regular","55","https://www.aceseeds.org/semillas/mekhong-classic-semillas-regulares/","","wc_store_product","Mekhong_Classic_regular-seeds",""
"aceseeds.org","Nepal Annapurna Regular","26","https://www.aceseeds.org/semillas/nepal-annapurna-semillas-regulares/","","wc_store_product","Nepal_Annapurna_regular_seeds",""
"aceseeds.org","12 Nepal Jam Regular","500","https://www.aceseeds.org/semillas/nepal-jam-regular-copia/","","wc_store_product","Nepal_Jam_regular_seeds-1",""
"aceseeds.org","Nepal Jam Regular","35","https://www.aceseeds.org/semillas/nepal-jam-semillas-regulares/","","wc_store_product","Nepal_Jam_regular_seeds",""
"aceseeds.org","Oaxaca A5 Haze feminizada","15","https://www.aceseeds.org/semillas/oaxaca-x-a5-haze-semillas-feminizadas/","","wc_store_product","Oaxaca_A5_Haze_feminized_seeds",""
"aceseeds.org","Oaxaca x Zamaldelica I+D Regular","80","https://www.aceseeds.org/semillas/oaxaca-x-zamaldelica-id-regular-seeds/","","wc_store_product","OaxacaxZamaldelica_regular-seeds",""
"aceseeds.org","Oldtimer&#8217;s Haze Regular","45","https://www.aceseeds.org/semillas/oldtimers-haze-semillas-regulares/","","wc_store_product","Oldtimers_Haze_regular_seeds",""
"aceseeds.org","6 Orient Express Feminizada","500","https://www.aceseeds.org/semillas/orient-express-feminizada-copia/","","wc_store_product","Orient_Express_feminized_seeds-1",""
"aceseeds.org","Orient Express Feminizada","15","https://www.aceseeds.org/semillas/orient-express-semillas-feminizadas/","","wc_store_product","Orient_Express_feminized_seeds",""
"aceseeds.org","Orient Express Regular","35","https://www.aceseeds.org/semillas/orient-express-semillas-regulares/","","wc_store_product","orient_express_regular_seeds",""
"aceseeds.org","Pakistan Chitral Kush Regular","45","https://www.aceseeds.org/semillas/pakistan-chitral-kush-semillas-regulares/","","wc_store_product","Pakistan_Chitral_Kush_regular_seeds",""
"aceseeds.org","Panama A5 Haze Feminizada","80","https://www.aceseeds.org/semillas/panama-a5-haze-semillas-feminizadas/","","wc_store_product","Panama_A5_Haze_feminized_seeds",""
"aceseeds.org","Panama Haze Feminizada","15","https://www.aceseeds.org/semillas/panama-haze-semillas-feminizadas/","","wc_store_product","Panama_Haze_feminized_seeds",""
"aceseeds.org","Panama Feminizada","15","https://www.aceseeds.org/semillas/panama-semillas-feminizadas/","","wc_store_product","Panama_feminized_seeds",""
"aceseeds.org","Panama Regular","45","https://www.aceseeds.org/semillas/panama-semillas-regulares/","","wc_store_product","Panama_regular_seeds",""
"aceseeds.org","Panama x ErdPurt I+D Regular","50","https://www.aceseeds.org/semillas/panamaxerdpurt-semillas-regulares/","","wc_store_product","PanamaxErdPurt_regular_seeds",""
"aceseeds.org","Pulwama F2 Regular","100","https://www.aceseeds.org/semillas/pulwama-f2-semillas-regulares/","","wc_store_product","Pulwama_f2_regular_seeds",""
"aceseeds.org","6 Purple Haze x Malawi Feminizada","500","https://www.aceseeds.org/semillas/purple-haze-x-malawi-feminizada-copia/","","wc_store_product","Purple_HazexMalawi_feminized_seeds-1",""
"aceseeds.org","Purple Haze x Malawi Feminizada","15","https://www.aceseeds.org/semillas/purple-hazexmalawi-semillas-feminizadas/","","wc_store_product","Purple_HazexMalawi_feminized_seeds",""
"aceseeds.org","Purple Haze x Malawi Regular","35","https://www.aceseeds.org/semillas/purple-hazexmalawi-semillas-regulares/","","wc_store_product","Purple_HazexMalawi_regular_seeds",""
"aceseeds.org","Purple Haze #23 x Thai Chiang Mai I+D Regular","65","https://www.aceseeds.org/semillas/purplehazexthaichiangmai-semillas-regulares/","","wc_store_product","PurpleHazexThaiChiangMai_regular_seeds",""
"aceseeds.org","Purple Haze #23 x Zamaldelica I+D Regular","65","https://www.aceseeds.org/semillas/purplehazexzamaldelica-semillas-regulares/","","wc_store_product","PurpleHazexZamaldelica_regular_seeds",""
"aceseeds.org","Malawi Morada x ErdPurt I+D Regular","50","https://www.aceseeds.org/semillas/purplemalawixerdpurt-semillas-regulares/","","wc_store_product","PurpleMalawixErdPurt_regular_seeds",""
"aceseeds.org","Baluchistán Quetta Selección Morada #1 Regular","150","https://www.aceseeds.org/semillas/quetta-seleccion-morada1-semillas-regulares/","","wc_store_product","Quetta_Purple_Selection1_regular_seeds",""
"aceseeds.org","Romulan «BX1» Regular","150","https://www.aceseeds.org/semillas/romulan-bx1-semillas-regulares/","","wc_store_product","RomulanBx1_regular_seeds",""
"aceseeds.org","Rudra Solvent Feminizada","80","https://www.aceseeds.org/semillas/rudra-solvent-semillas-feminizadas/","","wc_store_product","Rudra_Solvent_feminized_seeds",""
"aceseeds.org","Siberian Ruderalis Feminizada","32,5","https://www.aceseeds.org/semillas/siberian-ruderalis-semillas-feminizadas/","","wc_store_product","Siberian_Ruderalis_Feminized_Seeds",""
"blimburnseeds.com","Amsterdam Legends","46","https://blimburnseeds.com/amsterdam-legends-dutch-classics/","","wc_store_product","BF154415451546",""
"blimburnseeds.com","Apple Fritter Autoflower HMC Edition","42","https://blimburnseeds.com/apple-fritter-autoflower-hmc-edition/","","wc_store_product","HM00031",""
"blimburnseeds.com","Apple Tartz Pre Roll","12","https://blimburnseeds.com/apple-tartz-pre-roll/","","wc_store_product","PRO007",""
"blimburnseeds.com","Beginners Pack","46","https://blimburnseeds.com/beginners-pack-easy-start/","","wc_store_product","BF149915001501",""
"blimburnseeds.com","Blackberry Moonrocks Auto HMC Edition","42","https://blimburnseeds.com/blackberry-moonrocks-auto-hmc-edition/","","wc_store_product","HM00042",""
"blimburnseeds.com","Blackberry Moonrocks HMC Edition","42","https://blimburnseeds.com/blackberry-moonrocks-hmc/","","wc_store_product","HM00004",""
"blimburnseeds.com","Blue Dream HMC Edition","49","https://blimburnseeds.com/blue-dream-hmc/","","wc_store_product","HM00012",""
"blimburnseeds.com","Blue Runtz Clones","39","https://blimburnseeds.com/blue-runtz-clones/","","wc_store_product","CL0003",""
"blimburnseeds.com","Blue Zushi","17,5","https://blimburnseeds.com/blue-zushi/","","wc_store_product","BF1566",""
"blimburnseeds.com","Candy Games #25","60","https://blimburnseeds.com/candy-games-25/","","wc_store_product","HVG003",""
"blimburnseeds.com","Candy Games #38","60","https://blimburnseeds.com/candy-games-38/","","wc_store_product","HVG004",""
"blimburnseeds.com","Cap Junky HMC Edition","42","https://blimburnseeds.com/cap-junky-hmc/","","wc_store_product","HM00014",""
"blimburnseeds.com","CBD Collection","46","https://blimburnseeds.com/cbd-collection-cbd-essentials/","","wc_store_product","BC102810291030",""
"blimburnseeds.com","Cement Shoes THCA Flower","40","https://blimburnseeds.com/cement-shoes-thca-flower/","","wc_store_product","JAR017",""
"blimburnseeds.com","Classics Edition","46","https://blimburnseeds.com/classics-edition/","","wc_store_product","BF1754303497",""
"blimburnseeds.com","Double Runtz clones","39","https://blimburnseeds.com/double-runtz-clones/","","wc_store_product","CL0005",""
"blimburnseeds.com","Durban Poison Autoflower HMC Edition","42","https://blimburnseeds.com/durban-poison-autoflower-hmc-edition/","","wc_store_product","HM00045",""
"blimburnseeds.com","Easy Button Auto","60","https://blimburnseeds.com/easy-button-auto/","","wc_store_product","HVG005",""
"blimburnseeds.com","F1 AUTO","72","https://blimburnseeds.com/f1-auto-next-gen-autoflowers/","","wc_store_product","BA122812291230",""
"blimburnseeds.com","F1 FEM","72","https://blimburnseeds.com/f1-fem-hybrid-vigor/","","wc_store_product","BF149614971498",""
"blimburnseeds.com","Fast Growers","46","https://blimburnseeds.com/fast-growers-quick-bloom/","","wc_store_product","BF150215031504",""
"blimburnseeds.com","Fruity Loops","17,5","https://blimburnseeds.com/fruity-loops/","","wc_store_product","BF1564",""
"blimburnseeds.com","Fuelato Pre Roll","12","https://blimburnseeds.com/fuelato-pre-roll/","","wc_store_product","PRO006",""
"blimburnseeds.com","Game Over","60","https://blimburnseeds.com/game-over/","","wc_store_product","HVG009",""
"blimburnseeds.com","Gelato HMC Edition","55","https://blimburnseeds.com/gelato-hmc/","","wc_store_product","HM00026",""
"blimburnseeds.com","Gelato Pre Roll","12","https://blimburnseeds.com/gelato-pre-roll/","","wc_store_product","PRO001",""
"blimburnseeds.com","Gelato THCA Flower","40","https://blimburnseeds.com/gelato-thca-flower/","","wc_store_product","JAR006",""
"blimburnseeds.com","Ghost Train Haze HMC Edition","42","https://blimburnseeds.com/ghost-train-haze-hmc/","","wc_store_product","HM00015",""
"blimburnseeds.com","Godfather OG Auto HMC Edition","42","https://blimburnseeds.com/godfather-og-auto-hmc/","","wc_store_product","HM00049",""
"blimburnseeds.com","Gorilla Glue #4 Autoflower HMC Edition","42","https://blimburnseeds.com/gorilla-glue-4-autoflower-hmc-edition/","","wc_store_product","HM00030",""
"blimburnseeds.com","Gorilla Glue 4 HMC Edition","55","https://blimburnseeds.com/gorilla-glue-4-hmc/","","wc_store_product","HM00008",""
"blimburnseeds.com","Gorilla Glue G4 THCA Flower","40","https://blimburnseeds.com/gorilla-glue-g4-thca-flower/","","wc_store_product","JAR005",""
"blimburnseeds.com","Hash Burger","17,5","https://blimburnseeds.com/hash-burger/","","wc_store_product","BF1569",""
"blimburnseeds.com","High Yield Selection Fem","46","https://blimburnseeds.com/high-yield-selection-fem/","","wc_store_product","BF1754303499",""
"blimburnseeds.com","Illemonati clones","39","https://blimburnseeds.com/illemonati-clones/","","wc_store_product","CL0009",""
"blimburnseeds.com","Indica Elite Auto","46","https://blimburnseeds.com/indica-elite-auto/","","wc_store_product","BF1754303495",""
"blimburnseeds.com","John Connor","17,5","https://blimburnseeds.com/john-connor/","","wc_store_product","BF1567",""
"blimburnseeds.com","Jokerz Candy THCA Flower","40","https://blimburnseeds.com/jokerz-candy-thca-flower/","","wc_store_product","JAR002",""
"blimburnseeds.com","Key Lime Jack","17,5","https://blimburnseeds.com/key-lime-jack/","","wc_store_product","BF1454",""
"blimburnseeds.com","Knockout","60","https://blimburnseeds.com/knockout/","","wc_store_product","HVG010",""
"blimburnseeds.com","Kush Collection","46","https://blimburnseeds.com/kush-collection-earthy-strength/","","wc_store_product","BF150815091510",""
"blimburnseeds.com","Lemon Cherry Gelato","17,5","https://blimburnseeds.com/lemon-cherry-gelato/","","wc_store_product","BF1455",""
"blimburnseeds.com","London Pound Cake Pre Roll","12","https://blimburnseeds.com/london-pound-cake-pre-roll/","","wc_store_product","PRO010",""
"blimburnseeds.com","Mamba Negra HMC Edition","49","https://blimburnseeds.com/mamba-negra-hmc-edition/","","wc_store_product","HM00039",""
"blimburnseeds.com","Maui Waui HMC Edition","42","https://blimburnseeds.com/maui-waui-hmc/","","wc_store_product","HM00024",""
"blimburnseeds.com","Mimosa HMC Edition","42","https://blimburnseeds.com/mimosa-hmc/","","wc_store_product","HM00011",""
"blimburnseeds.com","Moonlight Calm","46","https://blimburnseeds.com/moonlight-calm-night-serenity/","","wc_store_product","BF153215331534",""
"blimburnseeds.com","Sativa Elite Auto","46","https://blimburnseeds.com/pack-sativas-auto/","","wc_store_product","BF1754303493",""
"blimburnseeds.com","Peachez","17,5","https://blimburnseeds.com/peachez/","","wc_store_product","BF1458",""
"blimburnseeds.com","Peanut Butter Breath HMC Edition","42","https://blimburnseeds.com/peanut-butter-breath-hmc/","","wc_store_product","HM00022",""
"blimburnseeds.com","Permanent Marker HMC Edition","42","https://blimburnseeds.com/permanent-marker-hmc/","","wc_store_product","HM00006",""
"blimburnseeds.com","Permanent Marker x Banana Cream","17,5","https://blimburnseeds.com/permanent-marker-x-banana-cream/","","wc_store_product","BF1558",""
"blimburnseeds.com","Permanent Marker x Lemon Cherry","17,5","https://blimburnseeds.com/permanent-marker-x-lemon-cherry/","","wc_store_product","BF1557",""
"blimburnseeds.com","Permanent Marker x Rs11","17,5","https://blimburnseeds.com/permanent-marker-x-rs11/","","wc_store_product","BF1555",""
"blimburnseeds.com","Permanent Marker x White Runtz","17,5","https://blimburnseeds.com/permanent-marker-x-white-runtz/","","wc_store_product","BF1556",""
"blimburnseeds.com","Pineapple Daddy Auto","60","https://blimburnseeds.com/pineapple-daddy-auto/","","wc_store_product","HVG014",""
"blimburnseeds.com","Platinum OG clones","39","https://blimburnseeds.com/platinum-og-clones/","","wc_store_product","CL0014",""
"blimburnseeds.com","Purple Haze THCA Flower","40","https://blimburnseeds.com/purple-haze-thca-flower/","","wc_store_product","JAR015",""
"blimburnseeds.com","Purple Lemonade Autoflower HMC Edition","42","https://blimburnseeds.com/purple-lemonade-autoflower-hmc/","","wc_store_product","HM00044",""
"blimburnseeds.com","Purple Star Killer HMC Edition","42","https://blimburnseeds.com/purple-star-killer-hmc/","","wc_store_product","HM00016",""
"blimburnseeds.com","Reshipment fee for returned order","15","https://blimburnseeds.com/reshipment-fee-for-returned-order/","","wc_store_product","",""
"blimburnseeds.com","Ricky Bobby HMC Edition","42","https://blimburnseeds.com/ricky-bobby-hmc/","","wc_store_product","HM00033",""
"blimburnseeds.com","RS11 Pre Roll","12","https://blimburnseeds.com/rs11-pre-roll/","","wc_store_product","PRO002",""
"blimburnseeds.com","Sativa Elite Fem","46","https://blimburnseeds.com/sativa-elite-fem/","","wc_store_product","BF1754303494",""
"blimburnseeds.com","Scrambler Haze HMC Edition","49","https://blimburnseeds.com/scrambler-haze-hmc/","","wc_store_product","HM00013",""
"blimburnseeds.com","Shortcut Auto","60","https://blimburnseeds.com/shortcut-auto/","","wc_store_product","HVG017",""
"blimburnseeds.com","Skunk Collection","46","https://blimburnseeds.com/skunk-collection-classic-funk/","","wc_store_product","BF151115121513",""
"blimburnseeds.com","Sleepy Joe HMC Edition","42","https://blimburnseeds.com/sleepy-joe-strain-hmc/","","wc_store_product","HM00019",""
"blimburnseeds.com","Stoned Panda HMC Edition","49","https://blimburnseeds.com/stoned-panda-hmc/","","wc_store_product","HM00007",""
"blimburnseeds.com","Strawberry Gary","17,5","https://blimburnseeds.com/strawberry-gary/","","wc_store_product","BF1565",""
"blimburnseeds.com","Super Boof Auto","17,5","https://blimburnseeds.com/super-boof-auto/","","wc_store_product","BA1206",""
"blimburnseeds.com","Super Boof THCA Flower","40","https://blimburnseeds.com/super-boof-thca-flower/","","wc_store_product","JAR010",""
"blimburnseeds.com","Sweet 16","60","https://blimburnseeds.com/sweet-16/","","wc_store_product","HVG016",""
"blimburnseeds.com","The Toad HMC Edition","42","https://blimburnseeds.com/the-toad-hmc/","","wc_store_product","HM00035",""
"blimburnseeds.com","Tiramisu THCA Flower","40","https://blimburnseeds.com/tiramisu-thca-flower/","","wc_store_product","JAR011",""
"blimburnseeds.com","USA Breeders","46","https://blimburnseeds.com/usa-breeders-american-icons/","","wc_store_product","BF153815391540",""
"blimburnseeds.com","Widow Collection","46","https://blimburnseeds.com/widow-collection-frosted-force/","","wc_store_product","BF151415151516",""
"blimburnseeds.com","Winners Collection","46","https://blimburnseeds.com/winners-collection/","","wc_store_product","BF1754303492",""
"blimburnseeds.com","Zombie Death Fuck HMC Edition","49","https://blimburnseeds.com/zombie-death-fuck-hmc-edition/","","wc_store_product","HM00034",""
"blimburnseeds.com","Z Runtz Pre Roll","12","https://blimburnseeds.com/z-runtz-pre-roll/","","wc_store_product","PRO009",""
"blimburnseeds.com","Z Runtz THCA Flower","40","https://blimburnseeds.com/z-runtz-thca-flower/","","wc_store_product","JAR012",""
"bulkseedbank.org","AUTO BUBBLEGUM EXTRA","17,5","https://bulkseedbank.org/cannabis-seeds/autoflowering-seeds/auto-bubblegum-extra-2/","","wc_store_product","",""
"bulkseedbank.org","AUTO CARAMEL KING","17,5","https://bulkseedbank.org/cannabis-seeds/autoflowering-seeds/auto-caramel-king-2/","","wc_store_product","",""
"bulkseedbank.org","AUTO COFFE ROCKET","17,5","https://bulkseedbank.org/cannabis-seeds/autoflowering-seeds/auto-coffe-rocket-2/","","wc_store_product","",""
"bulkseedbank.org","AUTO CRITICAL","17,5","https://bulkseedbank.org/cannabis-seeds/autoflowering-seeds/auto-critical-2/","","wc_store_product","",""
"bulkseedbank.org","AUTO DOSIDOS ROCKETOS","17,5","https://bulkseedbank.org/cannabis-seeds/autoflowering-seeds/auto-dosidos-rocketos-2/","","wc_store_product","",""
"bulkseedbank.org","AUTO DUBAI POISON","17,5","https://bulkseedbank.org/cannabis-seeds/autoflowering-seeds/auto-dubai-poison-2/","","wc_store_product","",""
"bulkseedbank.org","AUTO GRANDE CRACK","17,5","https://bulkseedbank.org/cannabis-seeds/autoflowering-seeds/auto-grande-crack-3/","","wc_store_product","",""
"bulkseedbank.org","AUTO GUERILLA GLUE","17,5","https://bulkseedbank.org/cannabis-seeds/autoflowering-seeds/auto-guerilla-glue-2/","","wc_store_product","",""
"bulkseedbank.org","AUTO MANDALIME JUICE","17,5","https://bulkseedbank.org/cannabis-seeds/autoflowering-seeds/auto-mandalime-juice-2/","","wc_store_product","",""
"bulkseedbank.org","AUTO NORTHERN LIGHT","17,5","https://bulkseedbank.org/cannabis-seeds/autoflowering-seeds/auto-northern-light-2/","","wc_store_product","",""
"bulkseedbank.org","AUTO ORIGINAL ORANGE BUD","17,5","https://bulkseedbank.org/cannabis-seeds/autoflowering-seeds/auto-original-orange-bud-2/","","wc_store_product","",""
"bulkseedbank.org","AUTO PERFECT POWER PLANT","17,5","https://bulkseedbank.org/cannabis-seeds/autoflowering-seeds/auto-perfect-power-plant-2/","","wc_store_product","",""
"bulkseedbank.org","AUTO PSYCHEDELIC","17,5","https://bulkseedbank.org/cannabis-seeds/autoflowering-seeds/auto-psychedelic-2/","","wc_store_product","",""
"bulkseedbank.org","AUTO STRAWBERRY FERRY","17,5","https://bulkseedbank.org/cannabis-seeds/autoflowering-seeds/auto-strawberry-ferry-2/","","wc_store_product","",""
"bulkseedbank.org","AUTO SUNMANGO","17,5","https://bulkseedbank.org/cannabis-seeds/autoflowering-seeds/auto-sunmango-2/","","wc_store_product","",""
"bulkseedbank.org","AUTO SWEET TOOTH","17,5","https://bulkseedbank.org/cannabis-seeds/autoflowering-seeds/auto-sweet-tooth-2/","","wc_store_product","",""
"bulkseedbank.org","AUTO WHITE WIDOW","17,5","https://bulkseedbank.org/cannabis-seeds/autoflowering-seeds/auto-white-widow-2/","","wc_store_product","",""
"bulkseedbank.org","AUTO WILD DWARF","17,5","https://bulkseedbank.org/cannabis-seeds/autoflowering-seeds/auto-wild-dwarf-2/","","wc_store_product","",""
"bulkseedbank.org","AUTO CBD GUERILLA GLUE","17,5","https://bulkseedbank.org/cannabis-seeds/cbd-seeds/auto-cbd-guerilla-glue/","","wc_store_product","",""
"bulkseedbank.org","CBD CRITICAL","17,5","https://bulkseedbank.org/cannabis-seeds/cbd-seeds/cbd-critical/","","wc_store_product","",""
"bulkseedbank.org","CBD GOOD WILD SHARK","17,5","https://bulkseedbank.org/cannabis-seeds/cbd-seeds/cbd-good-wild-shark/","","wc_store_product","",""
"bulkseedbank.org","CBD INDICA KING","17,5","https://bulkseedbank.org/cannabis-seeds/cbd-seeds/cbd-indica-king/","","wc_store_product","",""
"bulkseedbank.org","CBG CRITICAL MASS","17,5","https://bulkseedbank.org/cannabis-seeds/cbd-seeds/cbg-critical-mass-2/","","wc_store_product","",""
"bulkseedbank.org","AK","17,5","https://bulkseedbank.org/cannabis-seeds/feminised-seeds/ak-2/","","wc_store_product","",""
"bulkseedbank.org","AMNESIA HAZE","17,5","https://bulkseedbank.org/cannabis-seeds/feminised-seeds/amnesia-haze-2/","","wc_store_product","",""
"bulkseedbank.org","AMNESIA PLATINUM","17,5","https://bulkseedbank.org/cannabis-seeds/feminised-seeds/amnesia-platinum-2/","","wc_store_product","",""
"bulkseedbank.org","ANANAS FUNK","17,5","https://bulkseedbank.org/cannabis-seeds/feminised-seeds/ananas-funk-2/","","wc_store_product","",""
"bulkseedbank.org","BLUEBERRY BERRY","17,5","https://bulkseedbank.org/cannabis-seeds/feminised-seeds/blueberry-berry-2/","","wc_store_product","",""
"bulkseedbank.org","BRUCE BANNER #5","17,5","https://bulkseedbank.org/cannabis-seeds/feminised-seeds/bruce-banner-5-2/","","wc_store_product","",""
"bulkseedbank.org","CHEESE","17,5","https://bulkseedbank.org/cannabis-seeds/feminised-seeds/cheese-2/","","wc_store_product","",""
"bulkseedbank.org","COCOPOPO","17,5","https://bulkseedbank.org/cannabis-seeds/feminised-seeds/cocopopo-2/","","wc_store_product","",""
"bulkseedbank.org","COFFE ROCKET","17,5","https://bulkseedbank.org/cannabis-seeds/feminised-seeds/coffe-rocket-2/","","wc_store_product","",""
"bulkseedbank.org","CRITICAL MASS","17,5","https://bulkseedbank.org/cannabis-seeds/feminised-seeds/critical-mass-2/","","wc_store_product","",""
"bulkseedbank.org","DARK DOMINA","17,5","https://bulkseedbank.org/cannabis-seeds/feminised-seeds/dark-domina-2/","","wc_store_product","",""
"bulkseedbank.org","EUFORIA SPECIAL","17,5","https://bulkseedbank.org/cannabis-seeds/feminised-seeds/euforia-special-2/","","wc_store_product","",""
"bulkseedbank.org","EXTRA MINTZ","17,5","https://bulkseedbank.org/cannabis-seeds/feminised-seeds/extra-mintz-2/","","wc_store_product","",""
"bulkseedbank.org","GELATO SAMBA","17,5","https://bulkseedbank.org/cannabis-seeds/feminised-seeds/gelato-samba-2/","","wc_store_product","",""
"bulkseedbank.org","GOOD WILD SHARK","17,5","https://bulkseedbank.org/cannabis-seeds/feminised-seeds/good-wild-shark-2/","","wc_store_product","",""
"bulkseedbank.org","GRAPEFRUIT","17,5","https://bulkseedbank.org/cannabis-seeds/feminised-seeds/grapefruit-2/","","wc_store_product","",""
"bulkseedbank.org","GREEN SCOUT COOKIES","17,5","https://bulkseedbank.org/cannabis-seeds/feminised-seeds/green-scout-cookies-2/","","wc_store_product","",""
"bulkseedbank.org","GUERILLA GLUE","17,5","https://bulkseedbank.org/cannabis-seeds/feminised-seeds/guerilla-glue-2/","","wc_store_product","",""
"bulkseedbank.org","KALI&#8217;S MISTERY","17,5","https://bulkseedbank.org/cannabis-seeds/feminised-seeds/kalis-mistery-2/","","wc_store_product","",""
"bulkseedbank.org","LIME SKUNK","17,5","https://bulkseedbank.org/cannabis-seeds/feminised-seeds/lime-skunk-2/","","wc_store_product","",""
"bulkseedbank.org","LOCOMOTIVE","17,5","https://bulkseedbank.org/cannabis-seeds/feminised-seeds/locomotive-2/","","wc_store_product","",""
"bulkseedbank.org","MARLEY&#8217;S BUD","17,5","https://bulkseedbank.org/cannabis-seeds/feminised-seeds/marleys-bud-2/","","wc_store_product","",""
"bulkseedbank.org","MASTER KUSH GRAND","17,5","https://bulkseedbank.org/cannabis-seeds/feminised-seeds/master-kush-grand-2/","","wc_store_product","",""
"bulkseedbank.org","MIMOSA FAMOSA","17,5","https://bulkseedbank.org/cannabis-seeds/feminised-seeds/mimosa-famosa-2/","","wc_store_product","",""
"bulkseedbank.org","MOBY BIG","17,5","https://bulkseedbank.org/cannabis-seeds/feminised-seeds/moby-big-2/","","wc_store_product","",""
"bulkseedbank.org","NEPAL GOLD","17,5","https://bulkseedbank.org/cannabis-seeds/feminised-seeds/nepal-gold-2/","","wc_store_product","",""
"bulkseedbank.org","ORIGINAL ORANGE BUD","17,5","https://bulkseedbank.org/cannabis-seeds/feminised-seeds/original-orange-bud-2/","","wc_store_product","",""
"bulkseedbank.org","PERFECT POWER PLANT","17,5","https://bulkseedbank.org/cannabis-seeds/feminised-seeds/perfect-power-plant-2/","","wc_store_product","",""
"bulkseedbank.org","PSYCHEDELIC","17,5","https://bulkseedbank.org/cannabis-seeds/feminised-seeds/psychedelic-2/","","wc_store_product","",""
"bulkseedbank.org","RUNTZ GLUNTZ","17,5","https://bulkseedbank.org/cannabis-seeds/feminised-seeds/runtz-gluntz-2/","","wc_store_product","",""
"bulkseedbank.org","SENSIBLE STAR","17,5","https://bulkseedbank.org/cannabis-seeds/feminised-seeds/sensible-star-2/","","wc_store_product","",""
"bulkseedbank.org","SHERBET POWER","17,5","https://bulkseedbank.org/cannabis-seeds/feminised-seeds/sherbet-power-2/","","wc_store_product","",""
"bulkseedbank.org","SPECIAL CRYSTAL HAZE","17,5","https://bulkseedbank.org/cannabis-seeds/feminised-seeds/special-crystal-haze-2/","","wc_store_product","",""
"bulkseedbank.org","SPECIAL LIME HAZE","17,5","https://bulkseedbank.org/cannabis-seeds/feminised-seeds/special-lime-haze-2/","","wc_store_product","",""
"bulkseedbank.org","SUNMANGO","17,5","https://bulkseedbank.org/cannabis-seeds/feminised-seeds/sunmango-2/","","wc_store_product","",""
"bulkseedbank.org","WHITE PRUSSIAN","17,5","https://bulkseedbank.org/cannabis-seeds/feminised-seeds/white-prussian-2/","","wc_store_product","",""
"bulkseedbank.org","WHITE WIDOW","17,5","https://bulkseedbank.org/cannabis-seeds/feminised-seeds/white-widow-2/","","wc_store_product","",""
"bulkseedbank.org","ZKITTLY ZI ZI","17,5","https://bulkseedbank.org/cannabis-seeds/feminised-seeds/zkittly-zi-zi-2/","","wc_store_product","",""
"dnagenetics.com","3Peat Fem Cannabis Seeds","45","https://dnagenetics.com/product/3peat/","","wc_store_product","DNA-3PT-FEMP1",""
"dnagenetics.com","Auto bahn Cannabis Seeds","80,12","https://dnagenetics.com/product/auto-bahn/","","wc_store_product","DNA-ATB-FEMP1",""
"dnagenetics.com","Bakers Delight  Cannabis Seeds","45","https://dnagenetics.com/product/bakers-delight/","","wc_store_product","DNA-BKD-FEMP1",""
"dnagenetics.com","Banana Sorbet Feminized Cannabis Seeds","80,12","https://dnagenetics.com/product/banana-sorbet-feminized-cannabis-seeds/","","wc_store_product","DNA-BSB-FEMP1",""
"dnagenetics.com","Blue Dream Feminized  Cannabis Seeds","80,12","https://dnagenetics.com/product/blue-dream-feminized/","","wc_store_product","DNA-BDS-FEMP1",""
"dnagenetics.com","Canelo auto Cannabis Seeds","80,16","https://dnagenetics.com/product/canelo-auto-seeds/","","wc_store_product","DNA-CNA-FAUTP1",""
"dnagenetics.com","CheMACal Romance Auto Cannabis Seeds","80,18","https://dnagenetics.com/product/chemacal-romance-auto/","","wc_store_product","DNA-MAR-FAUTP1",""
"dnagenetics.com","Chocolate Truffle Shuffle Reg Cannabis Seeds","80,12","https://dnagenetics.com/product/chocolate-truffle-shuffle-reg/","","wc_store_product","DNA-CTS-REGP1",""
"dnagenetics.com","Chocolope Fem Cannabis Seeds","80,12","https://dnagenetics.com/product/chocolope-fem/","","wc_store_product","DNA-CHL-FEMP1",""
"dnagenetics.com","Chocolope Kush Reg Cannabis Seeds","80,12","https://dnagenetics.com/product/chocolope-kush-reg/","","wc_store_product","DNA-CHK-REGP1",""
"dnagenetics.com","DNA Auto Mix Pack Cannabis Seeds (Sample)","1","https://dnagenetics.com/product/dna-auto-mix-pack-cannabis-seeds-sample/","","wc_store_product","DNA-DMP-FAUTP1-1",""
"dnagenetics.com","DNA Cake Auto Cannabis Seeds","45","https://dnagenetics.com/product/dna-cake-auto/","","wc_store_product","DNA-DCK-FAUTP1",""
"dnagenetics.com","DNA Genetics Lighter","3,99","https://dnagenetics.com/product/dna-genetics-lighter/","","wc_store_product","DNA-L",""
"dnagenetics.com","Double Dipped Strawberries Cannabis Seeds","80,16","https://dnagenetics.com/product/double-dipped-strawberry/","","wc_store_product","DNA-DDS-FEMP1",""
"dnagenetics.com","Double Stuffed Sorbet Fem Cannabis Seeds","80,12","https://dnagenetics.com/product/double-stuffed-sorbet/","","wc_store_product","DNA-DSS-FEMP1",""
"dnagenetics.com","Elons-X Reg Cannabis Seeds","80,06","https://dnagenetics.com/product/elons-x-reg/","","wc_store_product","DNA-ELX-REGP1",""
"dnagenetics.com","Four Prophets Reg Cannabis Seeds","80,05","https://dnagenetics.com/product/four-prophets-reg/","","wc_store_product","DNA-FPT-REGP1",""
"dnagenetics.com","Generation X-18 Reg Cannabis Seeds","65,75","https://dnagenetics.com/product/generation-x-18-reg/","","wc_store_product","DNA-G18-REGP1",""
"dnagenetics.com","GMO Kosher Fem Cannabis Seeds","45","https://dnagenetics.com/product/gmo-kosher/","","wc_store_product","DNA-GMK-FEMP1",""
"dnagenetics.com","Golden Fortunes Reg Cannabis Seeds","63,92","https://dnagenetics.com/product/golden-fortunes-reg/","","wc_store_product","DNA-GFS-REGP1",""
"dnagenetics.com","HG23 AKA MICHAEL JORDAN Fem Cannabis Seeds","80,12","https://dnagenetics.com/product/hg23-aka-michael-jordan-fem/","","wc_store_product","DNA-MJK-FEMP1",""
"dnagenetics.com","Honey Banana S1 Cannabis Seeds","45","https://dnagenetics.com/product/honey-banana-s1/","","wc_store_product","DNA-HB1-FEMP1",""
"dnagenetics.com","Kosher Dawg Autoflower Cannabis Seeds","45","https://dnagenetics.com/product/kosher-dawg-autoflower-cannabis-seeds/","","wc_store_product","DNA-KD-FAUTP1",""
"dnagenetics.com","Kosher Pie Cannabis Seeds","79,99","https://dnagenetics.com/product/kosher-pie/","","wc_store_product","DNA-KOP-FEMP1",""
"dnagenetics.com","Miss DNA Auto Cannabis Seeds","79,05","https://dnagenetics.com/product/miss-dna/","","wc_store_product","DNA-MS-FAUTP1",""
"dnagenetics.com","Patrick Swayze Auto Cannabis Seeds","80,18","https://dnagenetics.com/product/patrick-swayze-auto/","","wc_store_product","DNA-PSZ-FAUTP1",""
"dnagenetics.com","Purple Chocolope Fem Cannabis Seeds","79,96","https://dnagenetics.com/product/purple-chocolope/","","wc_store_product","DNA-PCE-FEMP1",""
"dnagenetics.com","Purple People Eater Auto Cannabis Seeds","80,16","https://dnagenetics.com/product/purple-people-eater-auto-seeds/","","wc_store_product","DNA-PPE-FAUTP1",""
"dnagenetics.com","Purple Wreck Auto Cannabis Seeds","79,05","https://dnagenetics.com/product/purple-wreck/","","wc_store_product","DNA-PUW-FAUTP1",""
"dnagenetics.com","Recon 2.0 Fem Cannabis Seeds","80,05","https://dnagenetics.com/product/recon-2-0/","","wc_store_product","DNA-RN2-FEMP1",""
"dnagenetics.com","Return of the Mac Auto Cannabis Seeds","80,17","https://dnagenetics.com/product/return-of-the-mac-auto/","","wc_store_product","DNA-ROM-FAUTP1",""
"dnagenetics.com","RP 43 AKA RICHARD PETTY Fem Cannabis Seeds","45","https://dnagenetics.com/product/rp-43-aka-richard-petty/","","wc_store_product","DNA-RP1-FEMP1",""
"dnagenetics.com","Skywalker Kush Reg Cannabis Seeds","79,97","https://dnagenetics.com/product/skylwalker-kush-reg/","","wc_store_product","DNA-SWK-REGP1",""
"dnagenetics.com","Sour Garlic x Honey Banana Fem Cannabis Seeds","80,14","https://dnagenetics.com/product/sour-garlic-x-honey-banana/","","wc_store_product","DNA-HBS-FEMP1",""
"dnagenetics.com","Swiss Miss Reg Cannabis Seeds","80,12","https://dnagenetics.com/product/swiss-miss/","","wc_store_product","DNA-SWM-REG1",""
"dnagenetics.com","Swiss Miss Fem Cannabis Seeds","80,14","https://dnagenetics.com/product/swiss-miss-fem/","","wc_store_product","DNA-SWM-FEMP1",""
"dnagenetics.com","Tangie Cannabis Seeds","80,12","https://dnagenetics.com/product/tangie/","","wc_store_product","DNA-TNG",""
"dnagenetics.com","The Big Mac Auto Cannabis Seeds","80,16","https://dnagenetics.com/product/the-big-mac-auto/","","wc_store_product","DNA-MCD-FAUTP1",""
"dnagenetics.com","The Stinking Rose Fem Cannabis Seeds","80,13","https://dnagenetics.com/product/the-stinking-rose/","","wc_store_product","DNA-TSR-FEMP1",""
"dnagenetics.com","Watermelon Man Auto Cannabis Seeds","80,16","https://dnagenetics.com/product/watermelon-man-auto-seeds/","","wc_store_product","DNA-WMM-FAUTP1",""
"dnagenetics.com","White Widow Feminized Cannabis Seeds","79,05","https://dnagenetics.com/product/white-widow-feminized/","","wc_store_product","DNA-WHW-FEMP1",""
"dnagenetics.com","Worldwide Alliance","30","https://dnagenetics.com/product/worldwide-alliance/","","wc_store_product","TEE-WWA-BL",""
"dnagenetics.com","You Whoo Fem Cannabis Seeds","45","https://dnagenetics.com/product/you-whoo-fem/","","wc_store_product","DNA-YUW-FEMP1",""
"drunderground.com","American Beauty","0,18","https://drunderground.com/producto/american-beauty/","","wc_store_product","",""
"drunderground.com","Auto King Kong","0,15","https://drunderground.com/producto/auto-king-kong/","","wc_store_product","",""
"drunderground.com","Brooklyn Mango","0,18","https://drunderground.com/producto/brooklyn-mango-2/","","wc_store_product","",""
"drunderground.com","Crystal M.E.T.H.","0,2","https://drunderground.com/producto/crystal-meth-2/","","wc_store_product","",""
"drunderground.com","Dark Cookie","0,2","https://drunderground.com/producto/dark-cookie-copy-copy-copy-copy-copy/","","wc_store_product","",""
"drunderground.com","Godzilla Glue","0,18","https://drunderground.com/producto/godzilla-glue-2/","","wc_store_product","",""
"drunderground.com","King Kong","0,15","https://drunderground.com/producto/king-kong-2/","","wc_store_product","",""
"drunderground.com","Melon Gum","0,18","https://drunderground.com/producto/melon-gum-2/","","wc_store_product","",""
"drunderground.com","Soul Star","0,18","https://drunderground.com/producto/soul-star/","","wc_store_product","",""
"genehtik.com","Amazon Kritikal Bilbo","9","https://www.genehtik.com/producto/amazon-kritikal-bilbo/","","wc_store_product","Kritikal Bilbo Feminizada-1",""
"genehtik.com","Amnesia Bilbo","9","https://www.genehtik.com/producto/amnesia-bilbo/","","wc_store_product","amnesia bilbo",""
"genehtik.com","Estimulador Bloom","19","https://www.genehtik.com/producto/estimulador-bloom/","","wc_store_product","estimulador bloom",""
"genehtik.com","Estimulador Raices","18","https://www.genehtik.com/producto/estimulador-de-raices/","","wc_store_product","estimulador raices",""
"genehtik.com","Euskal Zkittlez","9","https://www.genehtik.com/producto/euskal-zkittlez/","","wc_store_product","Euskal Zkittlez",""
"genehtik.com","Fertilizante Crecimiento","15","https://www.genehtik.com/producto/fertilizante-crecimiento/","","wc_store_product","fertilizante crecimiento",""
"genehtik.com","Fertilizante Floración","15","https://www.genehtik.com/producto/fertilizante-floracion/","","wc_store_product","fertilizante floración",""
"genehtik.com","Gorila Bilbo","9","https://www.genehtik.com/producto/gorila-bilbo/","","wc_store_product","Gorila Bilbo",""
"genehtik.com","Kritikal Bilbo Auto","9","https://www.genehtik.com/producto/kritikal-bilbo-auto/","","wc_store_product","Kritikal Bilbo Auto",""
"genehtik.com","Kritikal Bilbo x AK-47","9","https://www.genehtik.com/producto/kritikal-bilbo-x-ak-47/","","wc_store_product","Kritkal Bilbo x AK-47",""
"genehtik.com","Northern Lights Auto","9","https://www.genehtik.com/producto/northern-lights-auto/","","wc_store_product","northern lights auto",""
"genehtik.com","OG Lemon Bilbo","9","https://www.genehtik.com/producto/og-lemon-bilbo/","","wc_store_product","OG Lemon Bilbo",""
"genehtik.com","PACK 5 semillas AUTO + PACK 3 Novedades AUTO","24","https://www.genehtik.com/producto/pack-5-semillas-autoflorecientes/","","wc_store_product","",""
"genehtik.com","Pack Floración","39,9","https://www.genehtik.com/producto/pack-floracion/","","wc_store_product","pack floración",""
"genehtik.com","PH-","9","https://www.genehtik.com/producto/ph/","","wc_store_product","ph-",""
"genehtik.com","PK 40-20","18","https://www.genehtik.com/producto/pk-40-20/","","wc_store_product","pk 40-20",""
"genehtik.com","semillas de cannabis feminizadas","9","https://www.genehtik.com/producto/semillas-de-cannabis-feminizadas/","","wc_store_product","semilas de cannabis-2",""
"genehtik.com","semillas de marihuana autoflorecientes","9","https://www.genehtik.com/producto/semillas-de-marihuana-autoflorecientes/","","wc_store_product","semilas de cannabis-1-1",""
"genehtik.com","semillas de marihuana feminizadas","9","https://www.genehtik.com/producto/semillas-de-marihuana-feminizadas/","","wc_store_product","semilas de cannabis-2-1",""
"genehtik.com","Spray Preventivo Foliar","12","https://www.genehtik.com/producto/spray-preventivo-foliar/","","wc_store_product","spray preventivo foliar",""
"genehtik.com","Txomango","9","https://www.genehtik.com/producto/txomango-2/","","wc_store_product","Txomango2",""
"genehtik.com","Zuri Widow","9","https://www.genehtik.com/producto/zuri-widow/","","wc_store_product","Zuri Widow",""
"hyp3rids.com","ACE OF HAZE","70","https://hyp3rids.com/product/ace-of-haze","","wc_store_product","",""
"hyp3rids.com","APAC KAHUNA","60","https://hyp3rids.com/product/apac-kahuna-by-hyp3rids","","wc_store_product","",""
"hyp3rids.com","BANDIT KUSH","60","https://hyp3rids.com/product/bandit-kush","","wc_store_product","",""
"hyp3rids.com","BITTER MOON","60","https://hyp3rids.com/product/bitter-moon","","wc_store_product","",""
"hyp3rids.com","BOUILLON HAZE","60","https://hyp3rids.com/product/bouillon-haze","","wc_store_product","",""
"hyp3rids.com","BOUILLON HAZE | HUNTER PACK","90","https://hyp3rids.com/product/bouillon-haze-hunter-pack","","wc_store_product","",""
"hyp3rids.com","CBH &#8216;PURE HAZE&#8217; | HUNTER PACK","90","https://hyp3rids.com/product/cbh-pure-haze-hunter-pack","","wc_store_product","",""
"hyp3rids.com","CGBX1","60","https://hyp3rids.com/product/cgbx1","","wc_store_product","",""
"hyp3rids.com","CHAMULA SKUNK, CHIAPAS MEXICO","60","https://hyp3rids.com/product/chamula-skunk-chiapas-mexico","","wc_store_product","",""
"hyp3rids.com","COLOMBIAN GOLD &#8211; LEGACY EDITION","60","https://hyp3rids.com/product/colombian-gold-legacy-edition","","wc_store_product","",""
"hyp3rids.com","COLOMBIAN ROSÉ","60","https://hyp3rids.com/product/colombian-rose","","wc_store_product","",""
"hyp3rids.com","CRACKER JACK","60","https://hyp3rids.com/product/cracker-jack","","wc_store_product","",""
"hyp3rids.com","CUBAN BLOOD HAZE &#8216;EL SQUATO&#8217; PHENO","60","https://hyp3rids.com/product/cuban-blood-haze-el-squato-pheno","","wc_store_product","",""
"hyp3rids.com","CBH &#8216;PURE HAZE&#8217;","60","https://hyp3rids.com/product/cuban-blood-haze-pure-haze-pheno","","wc_store_product","",""
"hyp3rids.com","EARL&#8217;S GOLD","60","https://hyp3rids.com/product/earls-gold","","wc_store_product","",""
"hyp3rids.com","EL SQUATO | HUNTER PACK","90","https://hyp3rids.com/product/el-squato-hunter-pack","","wc_store_product","",""
"hyp3rids.com","FIREBALL","60","https://hyp3rids.com/product/fireball","","wc_store_product","",""
"hyp3rids.com","FURY","60","https://hyp3rids.com/product/fury","","wc_store_product","",""
"hyp3rids.com","GARRA, JALISCO IBL MEXICAN LANDRACE","60","https://hyp3rids.com/product/garra-jalisco-ibl-mexican-landrace","","wc_store_product","",""
"hyp3rids.com","GEMINI V","60","https://hyp3rids.com/product/gemini-v","","wc_store_product","",""
"hyp3rids.com","GOLDEN BROWN","60","https://hyp3rids.com/product/golden-brown","","wc_store_product","",""
"hyp3rids.com","GOLDEN HIGHLAND THAI","80","https://hyp3rids.com/product/golden-highland-thai","","wc_store_product","",""
"hyp3rids.com","GOLD ZACATECAS","60","https://hyp3rids.com/product/gold-zacatecas","","wc_store_product","",""
"hyp3rids.com","GRILLZ","60","https://hyp3rids.com/product/grillz","","wc_store_product","",""
"hyp3rids.com","HAWAIIAN PUNA DIESEL IBL","80","https://hyp3rids.com/product/hawaiian-puna-diesel-ibl","","wc_store_product","",""
"hyp3rids.com","HEIRLOOM PURPLE AFGHAN KUSH BX1","80","https://hyp3rids.com/product/heirloom-purple-afghan-kush-bx1","","wc_store_product","",""
"hyp3rids.com","HEIRLOOM PURPLE AFGHAN KUSH IBL","80","https://hyp3rids.com/product/heirloom-purple-afghan-kush-limited","","wc_store_product","",""
"hyp3rids.com","HEIRLOOM VERDE LIMÓN IBL CHIAPAS MEXICO","70","https://hyp3rids.com/product/heirloom-verde-limon-ibl-chiapas-mexico","","wc_store_product","",""
"hyp3rids.com","INCIENSO, COLIMA MEXICO IBL MEXICAN LANDRACE","60","https://hyp3rids.com/product/incienso-colima-mexico-ibl-mexican-landrace","","wc_store_product","",""
"hyp3rids.com","JINGLES","60","https://hyp3rids.com/product/jingles","","wc_store_product","",""
"hyp3rids.com","KING WILLIE BX1","60","https://hyp3rids.com/product/king_willie","","wc_store_product","",""
"hyp3rids.com","KING WILLIE BX1 &#8216;HUNTER PACK&#8217;","90","https://hyp3rids.com/product/king-willie-bx1-breeder-pack","","wc_store_product","",""
"hyp3rids.com","KONA GOLD IBL &#8211; 2024 OP","70","https://hyp3rids.com/product/kona-gold-ibl","","wc_store_product","",""
"hyp3rids.com","KONA GOLD IBL &#8211; 2024 OP &#8216;HUNTER PACK&#8217;","90","https://hyp3rids.com/product/kona-gold-ibl-2024-op-hunter-pack","","wc_store_product","",""
"hyp3rids.com","LA PERLA NEGRA MEXICAN HEIRLOOM","60","https://hyp3rids.com/product/la-perla-negra-mexican-heirloom","","wc_store_product","",""
"hyp3rids.com","LAVA HAZE","60","https://hyp3rids.com/product/lava-haze-hunter-pack","","wc_store_product","",""
"hyp3rids.com","LIGHTENING BOLT","60","https://hyp3rids.com/product/lightening-bolt","","wc_store_product","",""
"hyp3rids.com","LONG ISLAND HAZE","60","https://hyp3rids.com/product/long-island-haze","","wc_store_product","",""
"hyp3rids.com","MASTER THAI&#8217;S &#8217;82 TAHOE OG aka BLUE TAHOE","80","https://hyp3rids.com/product/master-thais-82-tahoe-og-aka-blue-tahoe","","wc_store_product","",""
"hyp3rids.com","MEZQUITAL ORO, ZACATECAS","80","https://hyp3rids.com/product/mezquital-oro-zacatecas","","wc_store_product","",""
"hyp3rids.com","MOSH PIT","60","https://hyp3rids.com/product/mosh-pit","","wc_store_product","",""
"hyp3rids.com","THE MUMBLES","60","https://hyp3rids.com/product/mumbles","","wc_store_product","",""
"hyp3rids.com","No.2 F1","60","https://hyp3rids.com/product/no-2","","wc_store_product","",""
"hyp3rids.com","No.2 F1 &#8216;HUNTER EDITION&#8217;","90","https://hyp3rids.com/product/no-2-breeder-pack","","wc_store_product","",""
"hyp3rids.com","No.2 F2 &#8216;DOUBLE PHENO PACK&#8217;","90","https://hyp3rids.com/product/no-2-f2-double-pack","","wc_store_product","",""
"hyp3rids.com","OL YELLA","60","https://hyp3rids.com/product/ol-yella","","wc_store_product","",""
"hyp3rids.com","OMP aka OH! My Purple","60","https://hyp3rids.com/product/omp-aka-oh-my-purple","","wc_store_product","",""
"hyp3rids.com","ORO NEGRA","60","https://hyp3rids.com/product/oro-negra","","wc_store_product","",""
"hyp3rids.com","PACIFIC PEARL","60","https://hyp3rids.com/product/pacific-pearl","","wc_store_product","",""
"hyp3rids.com","PEACH LIMÓN","60","https://hyp3rids.com/product/peach-limon","","wc_store_product","",""
"hyp3rids.com","PONG!!","60","https://hyp3rids.com/product/pong","","wc_store_product","",""
"hyp3rids.com","PUMA, ZACATECAS IBL MEXICAN LANDRACE","60","https://hyp3rids.com/product/puma-zacatecas-ibl-mexican-landrace","","wc_store_product","",""
"hyp3rids.com","PUNTO ROJO P3 C-LINE","80","https://hyp3rids.com/product/punto-rojo-p3-c-line","","wc_store_product","",""
"hyp3rids.com","PURPLE COULEE","60","https://hyp3rids.com/product/purple-coulee","","wc_store_product","",""
"hyp3rids.com","PURPLE ZACATECAS IBL MEXICO DOUBLE PHENO PACK","90","https://hyp3rids.com/product/purple-zacatecas-mexico","","wc_store_product","",""
"hyp3rids.com","RED II","60","https://hyp3rids.com/product/red-ii","","wc_store_product","",""
"hyp3rids.com","RED LIME","60","https://hyp3rids.com/product/red-lime","","wc_store_product","",""
"hyp3rids.com","REDWOOD HAZE","60","https://hyp3rids.com/product/redwood-haze","","wc_store_product","",""
"hyp3rids.com","ROPEADOPE","60","https://hyp3rids.com/product/ropeadope","","wc_store_product","",""
"hyp3rids.com","SAWACANE","90","https://hyp3rids.com/product/sawacane","","wc_store_product","",""
"hyp3rids.com","SAWA V2","80","https://hyp3rids.com/product/sawa-ibl","","wc_store_product","",""
"hyp3rids.com","SKU3K F1 &#8211; SKUNK #1 REDUX PROJECT","60","https://hyp3rids.com/product/sku3k-f1-skunk-1-redux-project","","wc_store_product","",""
"hyp3rids.com","SKU3K DEEZIL F1","60","https://hyp3rids.com/product/sku3k-f1-x-hawaiian-puna-diesel-ibl-male","","wc_store_product","",""
"hyp3rids.com","SOBA SKU3K","60","https://hyp3rids.com/product/soba-sku3k","","wc_store_product","",""
"hyp3rids.com","SOBA SKU3K | HUNTER PACK","90","https://hyp3rids.com/product/soba-sku3k-hunter-pack","","wc_store_product","",""
"hyp3rids.com","SUNDAY BEST","60","https://hyp3rids.com/product/sunday-best","","wc_store_product","",""
"hyp3rids.com","SWAMP LILLIE","60","https://hyp3rids.com/product/swamp-lillie","","wc_store_product","",""
"hyp3rids.com","THE LIMEY","80","https://hyp3rids.com/product/the-limey","","wc_store_product","",""
"hyp3rids.com","THE PITS","60","https://hyp3rids.com/product/the-pits","","wc_store_product","",""
"hyp3rids.com","TOFFEE A&#8217;MOUR","60","https://hyp3rids.com/product/toffee-amour","","wc_store_product","",""
"hyp3rids.com","TOFFEE NOIR","60","https://hyp3rids.com/product/toffee-noir","","wc_store_product","",""
"hyp3rids.com","TUCO","60","https://hyp3rids.com/product/tuco","","wc_store_product","",""
"hyp3rids.com","WILDCAT","60","https://hyp3rids.com/product/wildcat","","wc_store_product","",""
"hyp3rids.com","WOLFMAN &#8216;KUATO&#8217;","60","https://hyp3rids.com/product/wolfman-f2","","wc_store_product","",""
"hyp3rids.com","WOLFMAN &#8216;KUATO&#8217; &#8211;  HUNTER PACK","90","https://hyp3rids.com/product/wolfman-kuato-hunter-pack","","wc_store_product","",""
"kcbrains.com","Space Mango® (Auto-Feminized)","24,5","https://kcbrains.com/shop/cannabis-seeds/auto-flowering/space-mango-auto-fem/","","wc_store_product","kcf20031",""
"kcbrains.com","Z-710 (Auto-Feminized)","24,5","https://kcbrains.com/shop/cannabis-seeds/auto-flowering/z-710/","","wc_store_product","kcf20035",""
"kcbrains.com","Afghani Special® Feminized","24,5","https://kcbrains.com/shop/cannabis-seeds/feminized-seeds/afghani-special-feminized/","","wc_store_product","kcf10011",""
"kcbrains.com","Bahia Black Head Feminized®","24,5","https://kcbrains.com/shop/cannabis-seeds/feminized-seeds/bahai-black-head-feminized/","","wc_store_product","kcf10019",""
"kcbrains.com","Brains Damage® (Fem)","24,5","https://kcbrains.com/shop/cannabis-seeds/feminized-seeds/brains-damage-feminized/","","wc_store_product","kcf10023",""
"kcbrains.com","Brains Escape® (Fem)","24,5","https://kcbrains.com/shop/cannabis-seeds/feminized-seeds/brains-escape-feminized/","","wc_store_product","kcf10024",""
"kcbrains.com","California Special® Feminized","24,5","https://kcbrains.com/shop/cannabis-seeds/feminized-seeds/california-special-feminized/","","wc_store_product","kcf10012",""
"kcbrains.com","Cristal Limit® (Fem)","24,5","https://kcbrains.com/shop/cannabis-seeds/feminized-seeds/cristal-limit-feminized/","","wc_store_product","kcf10018",""
"kcbrains.com","Cyber Cristal® (Fem)","24,5","https://kcbrains.com/shop/cannabis-seeds/feminized-seeds/cyber-cristal-feminized/","","wc_store_product","kcf10010",""
"kcbrains.com","Double D® (Fem)","24,5","https://kcbrains.com/shop/cannabis-seeds/feminized-seeds/double-d-feminized/","","wc_store_product","kcf10025",""
"kcbrains.com","Haze Special® (Fem)","24,5","https://kcbrains.com/shop/cannabis-seeds/feminized-seeds/haze-special-feminized/","","wc_store_product","kcf10014",""
"kcbrains.com","KC 36® Feminized","24,5","https://kcbrains.com/shop/cannabis-seeds/feminized-seeds/kc-36-feminized/","","wc_store_product","kcf10003",""
"kcbrains.com","K.C. 39® (Fem)","24,5","https://kcbrains.com/shop/cannabis-seeds/feminized-seeds/kc-39-feminized/","","wc_store_product","kcf10020",""
"kcbrains.com","K.C. 42® (Fem)","24,5","https://kcbrains.com/shop/cannabis-seeds/feminized-seeds/kc-42-feminized/","","wc_store_product","kcf10021",""
"kcbrains.com","Mango® Feminized","24,5","https://kcbrains.com/shop/cannabis-seeds/feminized-seeds/mango-feminized/","","wc_store_product","kcf10004",""
"kcbrains.com","Northern Light Special® (Fem)","24,5","https://kcbrains.com/shop/cannabis-seeds/feminized-seeds/northern-light-special-feminized/","","wc_store_product","kcf10013",""
"kcbrains.com","Swiss-xT® Feminized","24,5","https://kcbrains.com/shop/cannabis-seeds/feminized-seeds/swiss-xt-feminized/","","wc_store_product","kcf10006",""
"kcbrains.com","Brains Choice®","9,5","https://kcbrains.com/shop/cannabis-seeds/regular-seeds/brains-choice/","","wc_store_product","kc10022",""
"kcbrains.com","Brains Damage®","9,5","https://kcbrains.com/shop/cannabis-seeds/regular-seeds/brains-damage/","","wc_store_product","kc10023",""
"kcbrains.com","Brasil x K.C.®","9,5","https://kcbrains.com/shop/cannabis-seeds/regular-seeds/brasil-x-k-c/","","wc_store_product","kc10008",""
"kcbrains.com","Cristal Limit®","9,5","https://kcbrains.com/shop/cannabis-seeds/regular-seeds/cristal-limit/","","wc_store_product","kc10018",""
"kcbrains.com","Cristal Paradise®","9,5","https://kcbrains.com/shop/cannabis-seeds/regular-seeds/cristal-paradise/","","wc_store_product","kc10016",""
"kcbrains.com","KC 36® Regular","9,5","https://kcbrains.com/shop/cannabis-seeds/regular-seeds/kc-36-regular/","","wc_store_product","kc10003",""
"kcbrains.com","K.C. 39®","9,5","https://kcbrains.com/shop/cannabis-seeds/regular-seeds/kc-39/","","wc_store_product","kc10020",""
"kcbrains.com","K.C. 45®","9,5","https://kcbrains.com/shop/cannabis-seeds/regular-seeds/kc-45/","","wc_store_product","kc10026",""
"kcbrains.com","Mango®","9,5","https://kcbrains.com/shop/cannabis-seeds/regular-seeds/mango/","","wc_store_product","kc10004",""
"kcbrains.com","Northern Light Special®","9,5","https://kcbrains.com/shop/cannabis-seeds/regular-seeds/northern-light-special/","","wc_store_product","kc10013",""
"kcbrains.com","Swiss-xT®","9,5","https://kcbrains.com/shop/cannabis-seeds/regular-seeds/swiss-xt/","","wc_store_product","kc10006",""
"lasemillaautomatica.com","Bebé","6","https://lasemillaautomatica.com/tienda/autoflorecientes/bebe/","","wc_store_product","",""
"lasemillaautomatica.com","Critical Hit","7","https://lasemillaautomatica.com/tienda/autoflorecientes/critical-hit/","","wc_store_product","",""
"lasemillaautomatica.com","Jack Sparrow","6","https://lasemillaautomatica.com/tienda/autoflorecientes/jack-sparrow/","","wc_store_product","",""
"lasemillaautomatica.com","Kame Kush","7","https://lasemillaautomatica.com/tienda/autoflorecientes/kame-kush/","","wc_store_product","",""
"lasemillaautomatica.com","Púrpura","5","https://lasemillaautomatica.com/tienda/autoflorecientes/purpura/","","wc_store_product","",""
"lasemillaautomatica.com","La Galena","7","https://lasemillaautomatica.com/tienda/cbd/cbd-auto/la-galena/","","wc_store_product","",""
"lasemillaautomatica.com","Sión","8","https://lasemillaautomatica.com/tienda/cbd/cbd-fem/sion/","","wc_store_product","",""
"lasemillaautomatica.com","Critical Candy","7","https://lasemillaautomatica.com/tienda/fotodependientes/critical-candy/","","wc_store_product","aab3238922bc",""
"lasemillaautomatica.com","Orión","7","https://lasemillaautomatica.com/tienda/fotodependientes/orion/","","wc_store_product","",""
"lasemillaautomatica.com","Camiseta &#8211; Chocolate","10","https://lasemillaautomatica.com/tienda/merchandising/camiseta-chocolate/","","wc_store_product","MER04",""
"lasemillaautomatica.com","Camiseta &#8211; Kame Kush","10","https://lasemillaautomatica.com/tienda/merchandising/camiseta-kame-kush/","","wc_store_product","MER03",""
"lasemillaautomatica.com","Camiseta &#8211; Bebé","11,99","https://lasemillaautomatica.com/tienda/merchandising/camisetas/camiseta-bebe/","","wc_store_product","CAMBEB",""
"lasemillaautomatica.com","Camiseta &#8211; Hot Lemon","11,99","https://lasemillaautomatica.com/tienda/merchandising/camisetas/camiseta-hot-lemon/","","wc_store_product","CAMHL",""
"lasemillaautomatica.com","Camiseta &#8211; Lemon Ultra Haze","12,49","https://lasemillaautomatica.com/tienda/merchandising/camisetas/camiseta-lemon-ultra-haze/","","wc_store_product","CAMLUH",""
"lasemillaautomatica.com","Camiseta &#8211; Púrpura","11,99","https://lasemillaautomatica.com/tienda/merchandising/camisetas/camiseta-purpura/","","wc_store_product","CAMPUR",""
"lasemillaautomatica.com","Camiseta &#8211; Sión","11,99","https://lasemillaautomatica.com/tienda/merchandising/camisetas/camiseta-sion/","","wc_store_product","CAMSI",""
"lasemillaautomatica.com","Camiseta &#8211; TERMINATOR","11","https://lasemillaautomatica.com/tienda/merchandising/camiseta-terminator/","","wc_store_product","MER08",""
"lasemillaautomatica.com","Papel Natural King Size","1","https://lasemillaautomatica.com/tienda/merchandising/papel-natural-king-size/","","wc_store_product","MER01",""
"lasemillaautomatica.com","Taza &#8211; Arándano","6,99","https://lasemillaautomatica.com/tienda/merchandising/tazas/taza-arandano/","","wc_store_product","TAZARA",""
"lasemillaautomatica.com","Taza &#8211; Bebé","6,99","https://lasemillaautomatica.com/tienda/merchandising/tazas/taza-bebe/","","wc_store_product","TAZBEBE",""
"lasemillaautomatica.com","Taza &#8211; Critical Candy","6,99","https://lasemillaautomatica.com/tienda/merchandising/tazas/taza-critical-candy/","","wc_store_product","TAZCC",""
"lasemillaautomatica.com","Taza &#8211; Critical Hit","6,99","https://lasemillaautomatica.com/tienda/merchandising/tazas/taza-critical-hit/","","wc_store_product","TAZCH",""
"lasemillaautomatica.com","Taza &#8211; La Galena","6,99","https://lasemillaautomatica.com/tienda/merchandising/tazas/taza-la-galena/","","wc_store_product","TAZLG",""
"lasemillaautomatica.com","Taza &#8211; Sión","6,99","https://lasemillaautomatica.com/tienda/merchandising/tazas/taza-sion/","","wc_store_product","TAZSI",""
"northcoastgenetics.com","ACAPULCO GOLD HEIRLOOM","100","https://northcoastgenetics.com/product/acapulco-gold-heirloom","","wc_store_product","AGH",""
"northcoastgenetics.com","African Blueberry","50","https://northcoastgenetics.com/product/african-blueberry","","wc_store_product","ABB",""
"northcoastgenetics.com","AK47 Preservation IBL","50","https://northcoastgenetics.com/product/ak47-preservation-ibl","","wc_store_product","AK47PIBL",""
"northcoastgenetics.com","Bakhl Valley Afghanistan Hash Plant","75","https://northcoastgenetics.com/product/bakhl-valley-afghanistan-hash-plant","","wc_store_product","BVAHP",""
"northcoastgenetics.com","BELDIA MORROCIAN LANDRACE X WEDDING CAKE","40","https://northcoastgenetics.com/product/beldia-morrocian-landrace-x-wedding-cake","","wc_store_product","BMLRxWC",""
"northcoastgenetics.com","BERRY FREAK X KROENG KRAWIA","40","https://northcoastgenetics.com/product/berry-freak-x-kroeng-krawia","","wc_store_product","BFxKK",""
"northcoastgenetics.com","Black African Magic","125","https://northcoastgenetics.com/product/black-african-magic","","wc_store_product","BAF",""
"northcoastgenetics.com","BLACK DOMINA X MOUNG XAI SATIVA","40","https://northcoastgenetics.com/product/black-domina-x-moung-xai-sativa","","wc_store_product","BDxMXS",""
"northcoastgenetics.com","Black Hash x Moang Xai","40","https://northcoastgenetics.com/product/black-hash-x-moang-xai","","wc_store_product","BHxMX",""
"northcoastgenetics.com","Black Shebergen","40","https://northcoastgenetics.com/product/black-shebergen","","wc_store_product","BLSH",""
"northcoastgenetics.com","Black Thai","50","https://northcoastgenetics.com/product/black-thai","","wc_store_product","BLTH",""
"northcoastgenetics.com","Blueberry #2","50","https://northcoastgenetics.com/product/blueberry-2","","wc_store_product","BB2",""
"northcoastgenetics.com","Blue Ice","50","https://northcoastgenetics.com/product/blue-ice","","wc_store_product","BLICE",""
"northcoastgenetics.com","Burmese Kush","40","https://northcoastgenetics.com/product/burmese-kush","","wc_store_product","BURKSH",""
"northcoastgenetics.com","ZAMBERRY X BLUE ICE","40","https://northcoastgenetics.com/product/cement-shoes-x-zamberry","","wc_store_product","ZAMxBI",""
"northcoastgenetics.com","Critical Amnesia x Wedding Cake","50","https://northcoastgenetics.com/product/critical-amnesia-x-wedding-cake","","wc_store_product","CAxWC",""
"northcoastgenetics.com","DURBAN POISON X CEMENT SHOES","50","https://northcoastgenetics.com/product/durban-poison-x-cement-shoes","","wc_store_product","DPxCS",""
"northcoastgenetics.com","Feminized Road Kill Skunk","50","https://northcoastgenetics.com/product/feminized-road-kill-skunk","","wc_store_product","OBD",""
"northcoastgenetics.com","FREAK BERRY FREAK","50","https://northcoastgenetics.com/product/freak-berry-freak","","wc_store_product","FBF",""
"northcoastgenetics.com","Highland Napalese x Viet Black","175","https://northcoastgenetics.com/product/highland-napalese-x-viet-black","","wc_store_product","HNxVB",""
"northcoastgenetics.com","Honey Bucket Hash","25","https://northcoastgenetics.com/product/honey-bucket-hash","","wc_store_product","DESR",""
"northcoastgenetics.com","Killer Glue Haze","40","https://northcoastgenetics.com/product/killer-glue-haze","","wc_store_product","KGH",""
"northcoastgenetics.com","KILLER GLUE HAZE CAKE F2","25","https://northcoastgenetics.com/product/killer-glue-haze-cake-f2","","wc_store_product","KGHCF2",""
"northcoastgenetics.com","KROEG KRAWIA X MOLOKAI KUSH","40","https://northcoastgenetics.com/product/kroeg-krawia-x-molokai-kush","","wc_store_product","KKxMK",""
"northcoastgenetics.com","Kroeng Krawia Thai x Molikai Mountain Kush","50","https://northcoastgenetics.com/product/kroeng-krawia-thai-x-molikai-mountain-kush","","wc_store_product","KKTxMMK",""
"northcoastgenetics.com","Kumaonis","75","https://northcoastgenetics.com/product/kumaonis","","wc_store_product","KUMAONIS",""
"northcoastgenetics.com","KWAZULU NATL HIGHLAND &#8211; &#8216;The Eagle&#8217;","150","https://northcoastgenetics.com/product/kwazulu-natl-highland","","wc_store_product","KNTLH",""
"northcoastgenetics.com","Malana &#8220;Waichin&#8221; Bruce&#8217;s Selection","125","https://northcoastgenetics.com/product/malana-waichin-bruces-selection","","wc_store_product","MWBS",""
"northcoastgenetics.com","Malawi Landrace","100","https://northcoastgenetics.com/product/malawi","","wc_store_product","MALLR",""
"northcoastgenetics.com","MAUI RED X PUNTO ROJO","40","https://northcoastgenetics.com/product/maui-red-x-punta-rojo","","wc_store_product","MRxPR",""
"northcoastgenetics.com","Mazar I Sharif","75","https://northcoastgenetics.com/product/mazar-i-sharif","","wc_store_product","MIS",""
"northcoastgenetics.com","Molokai Kush","75","https://northcoastgenetics.com/product/molokai-kush","","wc_store_product","MOLOKUSH",""
"northcoastgenetics.com","Morroco Beldia Hash Plant","50","https://northcoastgenetics.com/product/morroco-beldia-hash-plant","","wc_store_product","MBHP",""
"northcoastgenetics.com","Moung Xai Thai Landrace Sativa","50","https://northcoastgenetics.com/product/moung-xai-thai-landrace-sativa","","wc_store_product","MXTLS",""
"northcoastgenetics.com","NEVILLES HAZE 5 X NEVILLES HAZE 1 (A5)","75","https://northcoastgenetics.com/product/nevilles-haze-5-x-nevilles-haze-1-a5","","wc_store_product","NH5xNH1",""
"northcoastgenetics.com","Neville’s Haze “Sage” Pheno","50","https://northcoastgenetics.com/product/nevilles-haze-sage-pheno","","wc_store_product","NHSP",""
"northcoastgenetics.com","Oregon Blue Dream","50","https://northcoastgenetics.com/product/oregonbluedream","","wc_store_product","OBD",""
"northcoastgenetics.com","OREO X SYRIAN &#8211; Serial Killer","75","https://northcoastgenetics.com/product/oreo-x-syrian-serial-killer","","wc_store_product","SKiller",""
"northcoastgenetics.com","Original NYSD Preservation IBL","50","https://northcoastgenetics.com/product/original-nysd-preservation-ibl","","wc_store_product","NYSD",""
"northcoastgenetics.com","Papas &#8220;Gunguni DHAR Selection&#8221;","125","https://northcoastgenetics.com/product/papas-gunguni-dhar-selection","","wc_store_product","PGDS",""
"northcoastgenetics.com","PPC X ACAPULCO GOLD HEIRLOOM","40","https://northcoastgenetics.com/product/ppc-x-acapulco-gold-heirloom","","wc_store_product","PPCxAGH",""
"northcoastgenetics.com","Project X x AK47","40","https://northcoastgenetics.com/product/project-x-x-ak47","","wc_store_product","PXxAK47",""
"northcoastgenetics.com","Punto Rojo X KD","50","https://northcoastgenetics.com/product/puna-rojo-x-kd","","wc_store_product","PRxKD",""
"northcoastgenetics.com","Purple Kush","50","https://northcoastgenetics.com/product/purple-kush","","wc_store_product","PK",""
"northcoastgenetics.com","Purple Kush x AK47","50","https://northcoastgenetics.com/product/purple-kush-x-ak47","","wc_store_product","PKxAK47",""
"northcoastgenetics.com","Purple Panty Cake F1","25","https://northcoastgenetics.com/product/purple-panty-cake-f1","","wc_store_product","PPCF1",""
"northcoastgenetics.com","PURPLE PANTY CAKE F -2","25","https://northcoastgenetics.com/product/purple-panty-cake-f-2","","wc_store_product","PPCF2",""
"northcoastgenetics.com","Purple Panty Cake x Blue Ice","40","https://northcoastgenetics.com/product/purple-panty-cake-x-blue-ice","","wc_store_product","PPCxBICE",""
"northcoastgenetics.com","Purple PCK classic Heirloom","50","https://northcoastgenetics.com/product/purple-pck-classic-heirloom","","wc_store_product","PPCH",""
"northcoastgenetics.com","Pursat","125","https://northcoastgenetics.com/product/pursat","","wc_store_product","TCL",""
"northcoastgenetics.com","Rasol &#8220;Ordinar&#8221; Selection","125","https://northcoastgenetics.com/product/rasol-ordinar-selection","","wc_store_product","ROS",""
"northcoastgenetics.com","Rasol &#8220;Vairam&#8221; Selection","125","https://northcoastgenetics.com/product/rasol-vairam-selection","","wc_store_product","RVS",""
"northcoastgenetics.com","SHEBERGAN X KROENG KRAWIA THAI LANDRACE","25","https://northcoastgenetics.com/product/shebergan-x-kroeng-krawia-thai-landrace","","wc_store_product","SxKKTLR",""
"northcoastgenetics.com","SKUNK 1 X WEDDING CAKE","75","https://northcoastgenetics.com/product/skunk-1-x-wedding-cake","","wc_store_product","S1xWC",""
"northcoastgenetics.com","SYRIAN LANDRACE GENETICS/SATIVA HASH PLANT","50","https://northcoastgenetics.com/product/syrian-landrace","","wc_store_product","SLRSHP",""
"northcoastgenetics.com","Tangie","100","https://northcoastgenetics.com/product/tangie","","wc_store_product","TNGY",""
"northcoastgenetics.com","Zamberry &#8211; Kaya Seed Company","50","https://northcoastgenetics.com/product/zamberryks","","wc_store_product","DESR",""
"northcoastgenetics.com","ZAMBERRY X PANAMA RED","40","https://northcoastgenetics.com/product/zamberry-x-panama-red","","wc_store_product","ZxPR",""
"spliffseeds.nl","Afghani Gold Female Cannabis Seeds","27,5","https://www.spliffseeds.nl/product/afghani-gold-female-cannabis-seeds/","","wc_store_product","8950116",""
"spliffseeds.nl","AK Female Cannabis Seeds","32,5","https://www.spliffseeds.nl/product/ak-female-cannabis-seeds/","","wc_store_product","8950131",""
"spliffseeds.nl","Amnesiac Female Cannabis Seeds","32,5","https://www.spliffseeds.nl/product/amnesiac-female-cannabis-seeds/","","wc_store_product","8950137",""
"spliffseeds.nl","Blue Berry Female Cannabis Seeds","32,5","https://www.spliffseeds.nl/product/blue-berry-female-cannabis-seeds/","","wc_store_product","8950404",""
"spliffseeds.nl","Blue Berry Regular Cannabis Seeds","17,5","https://www.spliffseeds.nl/product/blue-berry-regular-cannabis-seeds/","","wc_store_product","8900404",""
"spliffseeds.nl","Blue Dream Automatic Female Cannabis Seeds","27,5","https://www.spliffseeds.nl/product/blue-dream-automatic-female-cannabis-seeds/","","wc_store_product","8950410A",""
"spliffseeds.nl","Blue Dream Female Cannabis Seeds","32,5","https://www.spliffseeds.nl/product/blue-dream-female-cannabis-seeds/","","wc_store_product","8950410",""
"spliffseeds.nl","Blue Medi Kush Female Cannabis Seeds","32,5","https://www.spliffseeds.nl/product/blue-medi-kush-female-cannabis-seeds/","","wc_store_product","8950437",""
"spliffseeds.nl","Dutch Automatic Female Cannabis Seeds","24,9","https://www.spliffseeds.nl/product/dutch-automatic-female-cannabis-seeds/","","wc_store_product","8951001A",""
"spliffseeds.nl","Dutch Blue Automatic Female Cannabis Seeds","24,9","https://www.spliffseeds.nl/product/dutch-blue-automatic-female-cannabis-seeds/","","wc_store_product","8951004A",""
"spliffseeds.nl","Fast Bud Outdoor Female Cannabis Seeds","36,5","https://www.spliffseeds.nl/product/fast-bud-outdoor-female-cannabis-seeds/","","wc_store_product","8951604",""
"spliffseeds.nl","Gelato Automatic Female Cannabis Seeds","27,5","https://www.spliffseeds.nl/product/gelato-automatic-female-cannabis-seeds/","","wc_store_product","8951934A",""
"spliffseeds.nl","Gelato Female Cannabis Seeds","32,5","https://www.spliffseeds.nl/product/gelato-female-cannabis-seeds/","","wc_store_product","8951934",""
"spliffseeds.nl","Girls Scout Cookies Female Cannabis Seeds","32,5","https://www.spliffseeds.nl/product/girls-scout-cookies-female-cannabis-seeds/","","wc_store_product","8951925",""
"spliffseeds.nl","Gold Bar Kush Female Cannabis Seeds","32,5","https://www.spliffseeds.nl/product/gold-bar-kush-female-cannabis-seeds/","","wc_store_product","8951931",""
"spliffseeds.nl","Gorilla Female Cannabis Seeds","32,5","https://www.spliffseeds.nl/product/gorilla-female-cannabis-seeds/","","wc_store_product","8951943",""
"spliffseeds.nl","Haze #1 Regular Cannabis Seeds","9,9","https://www.spliffseeds.nl/product/haze-regular-cannabis-seeds/","","wc_store_product","8902201",""
"spliffseeds.nl","Jack F1 Regular Cannabis Seeds","17,5","https://www.spliffseeds.nl/product/jack-f1-regular-cannabis-seeds/","","wc_store_product","8902816",""
"spliffseeds.nl","Lemon Cream Kush Automatic Female Cannabis Seeds","27,5","https://www.spliffseeds.nl/product/lemon-cream-kush-automatic-female-cannabis-seeds/","","wc_store_product","8953407A",""
"spliffseeds.nl","Lemon Cream Kush Female Cannabis Seeds","32,5","https://www.spliffseeds.nl/product/lemon-cream-kush-female-cannabis-seeds/","","wc_store_product","8953407",""
"spliffseeds.nl","Mint Runtz Automatic Female Cannabis Seeds","27,5","https://www.spliffseeds.nl/product/mint-runtz-automatic-female-cannabis-seeds/","","wc_store_product","8953752A",""
"spliffseeds.nl","Neville&#8217;s Haze Automatic Female Cannabis Seeds","27,5","https://www.spliffseeds.nl/product/nevilles-haze-automatic-female-cannabis-seeds/","","wc_store_product","8954022A",""
"spliffseeds.nl","Neville&#8217;s Haze Female Cannabis Seeds","32,5","https://www.spliffseeds.nl/product/nevilles-haze-female-cannabis-seeds/","","wc_store_product","8954022",""
"spliffseeds.nl","Power Plant Female Cannabis Seeds","32,5","https://www.spliffseeds.nl/product/power-plant-female-cannabis-seeds/","","wc_store_product","8954646",""
"spliffseeds.nl","Purple Berry Kush Female Cannabis Seeds","29,9","https://www.spliffseeds.nl/product/purple-berry-kush-female-cannabis-seeds/","","wc_store_product","8954661",""
"spliffseeds.nl","Snow White Female Cannabis Seeds","36,5","https://www.spliffseeds.nl/product/snow-white-female-cannabis-seeds/","","wc_store_product","8955540",""
"spliffseeds.nl","Spliff Cheese Automatic Female Cannabis Seeds","24","https://www.spliffseeds.nl/product/spliff-cheese-automatic-female-cannabis-seeds/","","wc_store_product","8955546A",""
"spliffseeds.nl","Spliff Strawberry Female Cannabis Seeds","36,5","https://www.spliffseeds.nl/product/spliff-s-strawberry-female-cannabis-seeds/","","wc_store_product","8955558",""
"spliffseeds.nl","Super Skunk Female Cannabis Seeds","32,5","https://www.spliffseeds.nl/product/super-skunk-female-cannabis-seeds/","","wc_store_product","8955561",""
"spliffseeds.nl","Super Skunk Regular Cannabis Seeds","17,5","https://www.spliffseeds.nl/product/super-skunk-regular-cannabis-seeds/","","wc_store_product","8905561",""
"spliffseeds.nl","Sweet &#8216;n Sour Female Cannabis Seeds","36,5","https://www.spliffseeds.nl/product/sweet-n-sour-indoor-female-cannabis-seeds/","","wc_store_product","895082",""
"spliffseeds.nl","Sweet &#8216;n Sour Outdoor Female Cannabis Seeds","36,5","https://www.spliffseeds.nl/product/sweet-n-sour-outdoor-female-cannabis-seeds/","","wc_store_product","8955567",""
"spliffseeds.nl","White Widow Female Cannabis Seeds","34,9","https://www.spliffseeds.nl/product/white-widow-female-cannabis-seeds/","","wc_store_product","8956767",""
"spliffseeds.nl","Zkittlez Female Cannabis Seeds","32,5","https://www.spliffseeds.nl/product/zkittlez-female-cannabis-seeds/","","wc_store_product","8957631",""
"thebulldogseeds.com","Biscotti","35","https://thebulldogseeds.com/product/biscotti/","","wc_store_product","BF1119",""
"thebulldogseeds.com","Joris Pound Cake","36","https://thebulldogseeds.com/product/joris-pound-cake/","","wc_store_product","Joris Pound Cake",""
"thebulldogseeds.com","TB Kush","25","https://thebulldogseeds.com/product/tb-kush/","","wc_store_product","OG Kush x Banana Punch",""
"thebulldogseeds.com","TB Purple CBD Auto","27","https://thebulldogseeds.com/product/tb-purple-cbd-auto/","","wc_store_product","TB Purple CBD Auto",""
"thebulldogseeds.com","TB Runtz","29","https://thebulldogseeds.com/product/tb-runtz/","","wc_store_product","Runtz",""
"thebulldogseeds.com","TB Skittlez Auto","27","https://thebulldogseeds.com/product/tb-skittlez-auto/","","wc_store_product","TB Skittlez Auto",""
"thebulldogseeds.com","TB Wedding Cake","29","https://thebulldogseeds.com/product/tb-wedding-cake/","","wc_store_product","TB Wedding Cake",""
"thebulldogseeds.com","The Bulldog Amsterdam Acrylic 3-Part Grinder –  Original &#038; Authentic","4,5","https://thebulldogseeds.com/product/the-bulldog-amsterdam-acrylic-3-part-grinder-original-authentic/","","wc_store_product","",""
"thebulldogseeds.com","The Bulldog Amsterdam Ashtray Tin –  Black","3,95","https://thebulldogseeds.com/product/the-bulldog-amsterdam-ashtray-tin-black/","","wc_store_product","",""
"thebulldogseeds.com","The Bulldog Amsterdam Black Clipper – Original &#038; Authentic","2,5","https://thebulldogseeds.com/product/the-bulldog-amsterdam-black-clipper-original-authentic/","","wc_store_product","",""
"thebulldogseeds.com","The Bulldog Gelato 17","35","https://thebulldogseeds.com/product/the-bulldog-gelato-17/","","wc_store_product","The Bulldog Gelato 17",""
"visionseeds.nl","Amnesia Haze – AutoFem","22,5","https://www.visionseeds.nl/product/amnesia-haze-autofem/","","wc_store_product","VS-420-1620-XX",""
"visionseeds.nl","Big Bud","22,5","https://www.visionseeds.nl/product/big-bud/","","wc_store_product","VS-420-0567-XX",""
"visionseeds.nl","Blue Power","15","https://www.visionseeds.nl/product/blue-power/","","wc_store_product","VS-420-1605-XX",""
"visionseeds.nl","Bona Dea – CDB+","22,5","https://www.visionseeds.nl/product/bona-dea-cdb/","","wc_store_product","VS-420-1944-XX",""
"visionseeds.nl","Brainkiller Haze","25","https://www.visionseeds.nl/product/brainkiller-haze/","","wc_store_product","VS-420-1721-XX",""
"visionseeds.nl","Caramel Monster","22,5","https://www.visionseeds.nl/product/caramel-monster/","","wc_store_product","VS-150-2876-XX",""
"visionseeds.nl","Choco Bud","22,5","https://www.visionseeds.nl/product/choco-bud/","","wc_store_product","VS-420-2112-XX",""
"visionseeds.nl","Dark Star x AK-49","25","https://www.visionseeds.nl/product/dark_star_ak49/","","wc_store_product","VS-150-2879-XX",""
"visionseeds.nl","Delhi Cheese – AutoFem","15","https://www.visionseeds.nl/product/delhi-cheese-autofem/","","wc_store_product","VS-420-1626-XX",""
"visionseeds.nl","Doctor Jamaica","17,5","https://www.visionseeds.nl/product/doctor-jamaica/","","wc_store_product","VS-420-1722-XX",""
"visionseeds.nl","Doctor Jamaica Auto","22,5","https://www.visionseeds.nl/product/doctor-jamaica-auto/","","wc_store_product","VS-150-2903-XX",""
"visionseeds.nl","La Blanca Gold","17,5","https://www.visionseeds.nl/product/la-blanca-gold/","","wc_store_product","VS-420-1614-XX",""
"visionseeds.nl","La Blanca Gold AutoFem","17,5","https://www.visionseeds.nl/product/la-blanca-gold-autofem/","","wc_store_product","VS-420-1723-XX",""
"visionseeds.nl","Mighty Mango Bud","17,5","https://www.visionseeds.nl/product/mighty-mango-bud/","","wc_store_product","VS-420-1724-XX",""
"visionseeds.nl","Northern Lights","17,5","https://www.visionseeds.nl/product/northern-lights/","","wc_store_product","VS-420-0571-XX",""
"visionseeds.nl","Northern Lights – AutoFem","17,5","https://www.visionseeds.nl/product/northern-lights-autofem/","","wc_store_product","VS-420-0572-XX",""
"visionseeds.nl","NY Diesel","17,5","https://www.visionseeds.nl/product/ny-diesel/","","wc_store_product","VS-420-0576-XX",""
"visionseeds.nl","Supreme Lemon","22,5","https://www.visionseeds.nl/product/supreme-lemon/","","wc_store_product","VS-420-1725-XX",""
"visionseeds.nl","Vision Cookies","22,5","https://www.visionseeds.nl/product/vision-cookies/","","wc_store_product","VS-420-1727-XX",""
"visionseeds.nl","Vision Gelato Auto","22,5","https://www.visionseeds.nl/product/vision-gelato-auto/","","wc_store_product","VS-150-2909-XX",""
"visionseeds.nl","Vision Gorilla","25","https://www.visionseeds.nl/product/vision-gorilla/","","wc_store_product","VS-150-2891-XX",""
"visionseeds.nl","Vision Jack &#8211; AutoFem","17,5","https://www.visionseeds.nl/product/vision-jack-autofem/","","wc_store_product","VS-420-1730-XX",""
