"host","title","price","link","image","vendor","source_url","type","id","slug"
"aceseeds.org","ACE Mix Regular","21","https://www.aceseeds.org/semillas/ace-mix-regular-semillas-baratas/","","","https://aceseeds.org/wp-json/wc/store/products","wc_store_product","1629","ace-mix-regular-semillas-baratas"
"aceseeds.org","Afgana Maruf Selección Negra Regular","150","https://www.aceseeds.org/semillas/afgana-maruf-seleccion-negra-semillas-regulares/","","","https://aceseeds.org/wp-json/wc/store/products","wc_store_product","32981","afgana-maruf-seleccion-negra-semillas-regulares"
"aceseeds.org","Afgana Nawa Selección Élite Regular","150","https://www.aceseeds.org/semillas/afgana-nawa-seleccion-elite-semillas-regulares/","","","https://aceseeds.org/wp-json/wc/store/products","wc_store_product","32940","afgana-nawa-seleccion-elite-semillas-regulares"
"aceseeds.org","Afghan Lemon Feminizada","72.5","https://www.aceseeds.org/semillas/afghan-lemon-semillas-feminizadas/","","","https://aceseeds.org/wp-json/wc/store/products","wc_store_product","25901","afghan-lemon-semillas-feminizadas"
"aceseeds.org","Auto Malawi x Northern Lights Feminizada","9","https://www.aceseeds.org/semillas/auto-malawi-nl-semillas-feminizadas/","","","https://aceseeds.org/wp-json/wc/store/products","wc_store_product","3270","auto-malawi-nl-semillas-feminizadas"
"aceseeds.org","Bangi Congo x Zamaldelica I+D Regular","50","https://www.aceseeds.org/semillas/bangicongoxzamaldelica-regular/","","","https://aceseeds.org/wp-json/wc/store/products","wc_store_product","6327","bangicongoxzamaldelica-regular"
"aceseeds.org","Black Mango Regular","55","https://www.aceseeds.org/semillas/black-mango-semillas-regulares/","","","https://aceseeds.org/wp-json/wc/store/products","wc_store_product","34109","black-mango-semillas-regulares"
"aceseeds.org","6 C5 Haze x Kali China Feminizada","500","https://www.aceseeds.org/semillas/c5-haze-x-kali-china-feminizada-copia/","","","https://aceseeds.org/wp-json/wc/store/products","wc_store_product","31595","c5-haze-x-kali-china-feminizada-copia"
"aceseeds.org","CBD # 1 Bx2 Feminizada","50","https://www.aceseeds.org/semillas/cbd1bx2-semillas-feminizadas/","","","https://aceseeds.org/wp-json/wc/store/products","wc_store_product","6507","cbd1bx2-semillas-feminizadas"
"aceseeds.org","CBD # 5 x ErdPurt I+D Regular","32.5","https://www.aceseeds.org/semillas/cbd5xerdpurt-semillas-regulares/","","","https://aceseeds.org/wp-json/wc/store/products","wc_store_product","6347","cbd5xerdpurt-semillas-regulares"
"aceseeds.org","Congo Feminizada","15","https://www.aceseeds.org/semillas/congo-semillas-feminizadas/","","","https://aceseeds.org/wp-json/wc/store/products","wc_store_product","199","congo-semillas-feminizadas"
"aceseeds.org","Congo Regular","35","https://www.aceseeds.org/semillas/congo-semillas-regulares/","","","https://aceseeds.org/wp-json/wc/store/products","wc_store_product","1719","congo-semillas-regulares"
"aceseeds.org","Congo x Zamaldelica I+D Regular","50","https://www.aceseeds.org/semillas/congo-x-zamaldelica-id-semillas-regulares/","","","https://aceseeds.org/wp-json/wc/store/products","wc_store_product","31963","congo-x-zamaldelica-id-semillas-regulares"
"aceseeds.org","Durban Poison 80s Regular","55","https://www.aceseeds.org/semillas/durban-poison-80s-semillas-regulares/","","","https://aceseeds.org/wp-json/wc/store/products","wc_store_product","30842","durban-poison-80s-semillas-regulares"
"aceseeds.org","Early Evil Haze Feminizada","80","https://www.aceseeds.org/semillas/early-evil-haze-semillas-feminizadas/","","","https://aceseeds.org/wp-json/wc/store/products","wc_store_product","31538","early-evil-haze-semillas-feminizadas"
"aceseeds.org","ErdPurt Feminizada","7.5","https://www.aceseeds.org/semillas/erdpurt-semillas-feminizadas/","","","https://aceseeds.org/wp-json/wc/store/products","wc_store_product","247","erdpurt-semillas-feminizadas"
"aceseeds.org","ErdPurt Regular","17.5","https://www.aceseeds.org/semillas/erdpurt-semillas-regulares/","","","https://aceseeds.org/wp-json/wc/store/products","wc_store_product","1747","erdpurt-semillas-regulares"
"aceseeds.org","Foitong Regular","55","https://www.aceseeds.org/semillas/foitong-semillas-regulares/","","","https://aceseeds.org/wp-json/wc/store/products","wc_store_product","34113","foitong-semillas-regulares"
"aceseeds.org","Frosty’s Purple Freak Feminizada","98","https://www.aceseeds.org/semillas/frostys_purple_freak_semillas_feminizadas/","","","https://aceseeds.org/wp-json/wc/store/products","wc_store_product","29431","frostys_purple_freak_semillas_feminizadas"
"aceseeds.org","Golden Tiger 3ª versión Thai Dominante Feminizada","65","https://www.aceseeds.org/semillas/golden-tiger-3a-version-semillas-feminizadas/","","","https://aceseeds.org/wp-json/wc/store/products","wc_store_product","5340","golden-tiger-3a-version-semillas-feminizadas"
"aceseeds.org","Golden Tiger Feminizada","15","https://www.aceseeds.org/semillas/golden-tiger-semillas-feminizadas/","","","https://aceseeds.org/wp-json/wc/store/products","wc_store_product","25939","golden-tiger-semillas-feminizadas"
"aceseeds.org","Golden Tiger Regular","35","https://www.aceseeds.org/semillas/golden-tiger-semillas-regulares/","","","https://aceseeds.org/wp-json/wc/store/products","wc_store_product","2025","golden-tiger-semillas-regulares"
"aceseeds.org","Golden Tiger x ErdPurt I+D Regular","50","https://www.aceseeds.org/semillas/goldentigerxerdpurt-regular/","","","https://aceseeds.org/wp-json/wc/store/products","wc_store_product","6389","goldentigerxerdpurt-regular"
"aceseeds.org","Green Haze #19 x Zamaldelica I+D Regular","50","https://www.aceseeds.org/semillas/greenhazexzamaldelica-semillas-regulares/","","","https://aceseeds.org/wp-json/wc/store/products","wc_store_product","6315","greenhazexzamaldelica-semillas-regulares"
"aceseeds.org","Guawi Feminizada","15","https://www.aceseeds.org/semillas/guawi-semillas-feminizadas/","","","https://aceseeds.org/wp-json/wc/store/products","wc_store_product","2880","guawi-semillas-feminizadas"
"aceseeds.org","Hangkrarok Champion Seeds Regular","30","https://www.aceseeds.org/semillas/hangkrarok-champion-semillas-regulares/","","","https://aceseeds.org/wp-json/wc/store/products","wc_store_product","34172","hangkrarok-champion-semillas-regulares"
"aceseeds.org","Hangkrarok Cola Gorda Regular","30","https://www.aceseeds.org/semillas/hangkrarok-cola-gorda-semillas-regulares/","","","https://aceseeds.org/wp-json/wc/store/products","wc_store_product","34196","hangkrarok-cola-gorda-semillas-regulares"
"aceseeds.org","Hangkrarok Gigante Regular","30","https://www.aceseeds.org/semillas/hangkrarok-gigante-semillas-regulares/","","","https://aceseeds.org/wp-json/wc/store/products","wc_store_product","34183","hangkrarok-gigante-semillas-regulares"
"aceseeds.org","12 HashTonic Regular","500","https://www.aceseeds.org/semillas/hashtonic-regular-copia/","","","https://aceseeds.org/wp-json/wc/store/products","wc_store_product","31549","hashtonic-regular-copia"
"aceseeds.org","HashTonic Feminizada","32.5","https://www.aceseeds.org/semillas/hashtonic-semillas-feminizadas/","","","https://aceseeds.org/wp-json/wc/store/products","wc_store_product","6621","hashtonic-semillas-feminizadas"
"aceseeds.org","Honduras x Panama Feminizada","15","https://www.aceseeds.org/semillas/honduras-x-panama-semillas-feminizadas/","","","https://aceseeds.org/wp-json/wc/store/products","wc_store_product","32543","honduras-x-panama-semillas-feminizadas"
"aceseeds.org","Honduras x Panama Regular","35","https://www.aceseeds.org/semillas/hondurasxpanama-semillas-regulares/","","","https://aceseeds.org/wp-json/wc/store/products","wc_store_product","4114","hondurasxpanama-semillas-regulares"
"aceseeds.org","Juanita x ErdPurt I+D Regular","32.5","https://www.aceseeds.org/semillas/juanitaxerdpurt-semillas-regulares/","","","https://aceseeds.org/wp-json/wc/store/products","wc_store_product","6377","juanitaxerdpurt-semillas-regulares"
"aceseeds.org","Juanita x Malawi I+D Feminizada","65","https://www.aceseeds.org/semillas/juanitaxmalawi-semillas-feminizadas/","","","https://aceseeds.org/wp-json/wc/store/products","wc_store_product","6495","juanitaxmalawi-semillas-feminizadas"
"aceseeds.org","Kalash Valley Negra Regular","150","https://www.aceseeds.org/semillas/kalash-valley-negra-semillas-regulares/","","","https://aceseeds.org/wp-json/wc/store/products","wc_store_product","32922","kalash-valley-negra-semillas-regulares"
"aceseeds.org","Kerala Chellakutti Regular","48","https://www.aceseeds.org/semillas/kerala-chellakutti-semillas-regulares/","","","https://aceseeds.org/wp-json/wc/store/products","wc_store_product","4584","kerala-chellakutti-semillas-regulares"
"aceseeds.org","Lavender x ErdPurt I+D Regular","65","https://www.aceseeds.org/semillas/lavenderxerdpurt-semillas-regulares/","","","https://aceseeds.org/wp-json/wc/store/products","wc_store_product","6383","lavenderxerdpurt-semillas-regulares"
"aceseeds.org","Líbano x Hokkaido Japón F1 I+D Regular","20","https://www.aceseeds.org/semillas/lebanonxhokkaidojapanf1-semillas-regulares/","","","https://aceseeds.org/wp-json/wc/store/products","wc_store_product","6549","lebanonxhokkaidojapanf1-semillas-regulares"
"aceseeds.org","Líbano Regular","17.5","https://www.aceseeds.org/semillas/libano-semillas-regulares/","","","https://aceseeds.org/wp-json/wc/store/products","wc_store_product","3635","libano-semillas-regulares"
"aceseeds.org","Malawi Feminizada","15","https://www.aceseeds.org/semillas/malawi-semillas-feminizadas/","","","https://aceseeds.org/wp-json/wc/store/products","wc_store_product","25961","malawi-semillas-feminizadas"
"aceseeds.org","Malawi x PCK Regular","65","https://www.aceseeds.org/semillas/malawi-x-pck-semillas-regulares/","","","https://aceseeds.org/wp-json/wc/store/products","wc_store_product","25870","malawi-x-pck-semillas-regulares"
"aceseeds.org","Malawi x Panamá Feminizada","15","https://www.aceseeds.org/semillas/malawixpanama-semillas-feminizadas/","","","https://aceseeds.org/wp-json/wc/store/products","wc_store_product","3002","malawixpanama-semillas-feminizadas"
"aceseeds.org","Marruecos Beldia Kif Feminizada","5.5","https://www.aceseeds.org/semillas/marruecos-beldia-kif-semillas-feminizadas/","","","https://aceseeds.org/wp-json/wc/store/products","wc_store_product","5008","marruecos-beldia-kif-semillas-feminizadas"
"aceseeds.org","Marruecos Beldia Kif Regular","13","https://www.aceseeds.org/semillas/marruecos-beldia-kif-semillas-regulares/","","","https://aceseeds.org/wp-json/wc/store/products","wc_store_product","4927","marruecos-beldia-kif-semillas-regulares"
"aceseeds.org","Marruecos x Líbano F1 I+D Regular","20","https://www.aceseeds.org/semillas/marruecosbeldiaf1-semillas-regulares/","","","https://aceseeds.org/wp-json/wc/store/products","wc_store_product","6543","marruecosbeldiaf1-semillas-regulares"
"aceseeds.org","Mekhong Classic Regular","55","https://www.aceseeds.org/semillas/mekhong-classic-semillas-regulares/","","","https://aceseeds.org/wp-json/wc/store/products","wc_store_product","34068","mekhong-classic-semillas-regulares"
"aceseeds.org","Nepal Mist Regular","50","https://www.aceseeds.org/semillas/nepal-mist-semillas-regulares/","","","https://aceseeds.org/wp-json/wc/store/products","wc_store_product","5398","nepal-mist-semillas-regulares"
"aceseeds.org","Oaxaca A5 Haze feminizada","15","https://www.aceseeds.org/semillas/oaxaca-x-a5-haze-semillas-feminizadas/","","","https://aceseeds.org/wp-json/wc/store/products","wc_store_product","28898","oaxaca-x-a5-haze-semillas-feminizadas"
"aceseeds.org","6 Orient Express Feminizada","500","https://www.aceseeds.org/semillas/orient-express-feminizada-copia/","","","https://aceseeds.org/wp-json/wc/store/products","wc_store_product","31610","orient-express-feminizada-copia"
"aceseeds.org","Pakistan Chitral Kush Regular","45","https://www.aceseeds.org/semillas/pakistan-chitral-kush-semillas-regulares/","","","https://aceseeds.org/wp-json/wc/store/products","wc_store_product","2101","pakistan-chitral-kush-semillas-regulares"
"aceseeds.org","Panama Haze Feminizada","15","https://www.aceseeds.org/semillas/panama-haze-semillas-feminizadas/","","","https://aceseeds.org/wp-json/wc/store/products","wc_store_product","730","panama-haze-semillas-feminizadas"
"aceseeds.org","Panama Haze Regular","35","https://www.aceseeds.org/semillas/panama-haze-semillas-regulares/","","","https://aceseeds.org/wp-json/wc/store/products","wc_store_product","28863","panama-haze-semillas-regulares"
"aceseeds.org","Panama Regular","45","https://www.aceseeds.org/semillas/panama-semillas-regulares/","","","https://aceseeds.org/wp-json/wc/store/products","wc_store_product","1907","panama-semillas-regulares"
"aceseeds.org","Panama x Bangi Haze Regular","35","https://www.aceseeds.org/semillas/panamaxbangi-haze-semillas-regulares/","","","https://aceseeds.org/wp-json/wc/store/products","wc_store_product","5075","panamaxbangi-haze-semillas-regulares"
"aceseeds.org","Panama x Malawi Feminizada","65","https://www.aceseeds.org/semillas/panamaxmalawi-semillas-feminizadas/","","","https://aceseeds.org/wp-json/wc/store/products","wc_store_product","2952","panamaxmalawi-semillas-feminizadas"
"aceseeds.org","Phu Phan Tiger Tail Regular","55","https://www.aceseeds.org/semillas/phu-phan-tiger-tail-semillas-regulares/","","","https://aceseeds.org/wp-json/wc/store/products","wc_store_product","34134","phu-phan-tiger-tail-semillas-regulares"
"aceseeds.org","Pulwama F2 Regular","100","https://www.aceseeds.org/semillas/pulwama-f2-semillas-regulares/","","","https://aceseeds.org/wp-json/wc/store/products","wc_store_product","31003","pulwama-f2-semillas-regulares"
"aceseeds.org","12 Purple Haze x Malawi Regular","500","https://www.aceseeds.org/semillas/purple-haze-x-malawi-regular-copia/","","","https://aceseeds.org/wp-json/wc/store/products","wc_store_product","31575","purple-haze-x-malawi-regular-copia"
"aceseeds.org","Purple Haze x Malawi Regular","35","https://www.aceseeds.org/semillas/purple-hazexmalawi-semillas-regulares/","","","https://aceseeds.org/wp-json/wc/store/products","wc_store_product","2676","purple-hazexmalawi-semillas-regulares"
"aceseeds.org","Thaidelica I+D Regular","50","https://www.aceseeds.org/semillas/thaidelica-id-semillas-regulares/","","","https://aceseeds.org/wp-json/wc/store/products","wc_store_product","31990","thaidelica-id-semillas-regulares"
"aceseeds.org","Tropical Mix Feminizada","21","https://www.aceseeds.org/semillas/tropical-mix-feminizada-semillas-baratas/","","","https://aceseeds.org/wp-json/wc/store/products","wc_store_product","833","tropical-mix-feminizada-semillas-baratas"
"aceseeds.org","Tropical Mix Regular","21","https://www.aceseeds.org/semillas/tropical-mix-regular-semillas-baratas/","","","https://aceseeds.org/wp-json/wc/store/products","wc_store_product","1229","tropical-mix-regular-semillas-baratas"
"aceseeds.org","Violeta Regular","35","https://www.aceseeds.org/semillas/violeta-semillas-regulares/","","","https://aceseeds.org/wp-json/wc/store/products","wc_store_product","1273","violeta-semillas-regulares"
"aceseeds.org","Yarkhun Valley Regular","150","https://www.aceseeds.org/semillas/yarkhun-valley-semillas-regulares/","","","https://aceseeds.org/wp-json/wc/store/products","wc_store_product","32931","yarkhun-valley-semillas-regulares"
"aceseeds.org","Zamaldelica Regular","35","https://www.aceseeds.org/semillas/zamaldelica-semillas-regulares/","","","https://aceseeds.org/wp-json/wc/store/products","wc_store_product","1351","zamaldelica-semillas-regulares"
"aceseeds.org","Zamaldelica x Kali China Feminizada","15","https://www.aceseeds.org/semillas/zamaldelica-x-kali-china-semillas-feminizadas/","","","https://aceseeds.org/wp-json/wc/store/products","wc_store_product","3804","zamaldelica-x-kali-china-semillas-feminizadas"
"aceseeds.org","Zamaldelica x A5 Haze I+D Feminizada","80","https://www.aceseeds.org/semillas/zamaldelicaxa5haze-semillas-feminizadas/","","","https://aceseeds.org/wp-json/wc/store/products","wc_store_product","6285","zamaldelicaxa5haze-semillas-feminizadas"
"blimburnseeds.com","Cream Caramel Auto","17.5","https://blimburnseeds.com/cream-caramel-auto/","","","https://blimburnseeds.com/wp-json/wc/store/products","wc_store_product","263752","cream-caramel-auto"
"blimburnseeds.com","Dark Devil Auto","17.5","https://blimburnseeds.com/dark-devil-auto/","","","https://blimburnseeds.com/wp-json/wc/store/products","wc_store_product","264710","dark-devil-auto"
"blimburnseeds.com","Forbidden Runtz Auto HMC Edition","42","https://blimburnseeds.com/forbidden-runtz-auto-hmc/","","","https://blimburnseeds.com/wp-json/wc/store/products","wc_store_product","388937","forbidden-runtz-auto-hmc"
"blimburnseeds.com","Forbidden Runtz Auto","17.5","https://blimburnseeds.com/forbidden-runtz-auto/","","","https://blimburnseeds.com/wp-json/wc/store/products","wc_store_product","265902","forbidden-runtz-auto"
"blimburnseeds.com","Glookies Autoflower HMC Edition","42","https://blimburnseeds.com/glookies-autoflower-hmc/","","","https://blimburnseeds.com/wp-json/wc/store/products","wc_store_product","388884","glookies-autoflower-hmc"
"blimburnseeds.com","Godfather OG Auto HMC Edition","42","https://blimburnseeds.com/godfather-og-auto-hmc/","","","https://blimburnseeds.com/wp-json/wc/store/products","wc_store_product","388573","godfather-og-auto-hmc"
"blimburnseeds.com","Godfather OG Auto","17.5","https://blimburnseeds.com/godfather-og-auto/","","","https://blimburnseeds.com/wp-json/wc/store/products","wc_store_product","263732","godfather-og-auto"
"blimburnseeds.com","Haze Collection","46","https://blimburnseeds.com/haze-collection-psychedelic-power/","","","https://blimburnseeds.com/wp-json/wc/store/products","wc_store_product","393744","haze-collection-psychedelic-power"
"blimburnseeds.com","High THC Selection Fem","46","https://blimburnseeds.com/high-thc-selection-fem/","","","https://blimburnseeds.com/wp-json/wc/store/products","wc_store_product","375885","high-thc-selection-fem"
"blimburnseeds.com","High Yield Selection Auto","46","https://blimburnseeds.com/high-yield-selection-auto/","","","https://blimburnseeds.com/wp-json/wc/store/products","wc_store_product","375891","high-yield-selection-auto"
"blimburnseeds.com","High Yield Selection Fem","46","https://blimburnseeds.com/high-yield-selection-fem/","","","https://blimburnseeds.com/wp-json/wc/store/products","wc_store_product","375889","high-yield-selection-fem"
"blimburnseeds.com","Oh My Thai Auto","60","https://blimburnseeds.com/oh-my-thai-auto/","","","https://blimburnseeds.com/wp-json/wc/store/products","wc_store_product","517955","oh-my-thai-auto"
"blimburnseeds.com","Pineapple Diesel Auto","60","https://blimburnseeds.com/pineapple-diesel-auto/","","","https://blimburnseeds.com/wp-json/wc/store/products","wc_store_product","517991","pineapple-diesel-auto"
"blimburnseeds.com","Santa Marta Haze Auto","17.5","https://blimburnseeds.com/santa-marta-haze-auto/","","","https://blimburnseeds.com/wp-json/wc/store/products","wc_store_product","266708","santa-marta-haze-auto"
"blimburnseeds.com","Sativa Elite Fem","46","https://blimburnseeds.com/sativa-elite-fem/","","","https://blimburnseeds.com/wp-json/wc/store/products","wc_store_product","375900","sativa-elite-fem"
"blimburnseeds.com","Shortcut Auto","60","https://blimburnseeds.com/shortcut-auto/","","","https://blimburnseeds.com/wp-json/wc/store/products","wc_store_product","518004","shortcut-auto"
"blimburnseeds.com","Watermelon Zkittlez Autoflower","17.5","https://blimburnseeds.com/watermelon-zkittlez-autoflower/","","","https://blimburnseeds.com/wp-json/wc/store/products","wc_store_product","185223","watermelon-zkittlez-autoflower"
"bulkseedbank.org","AUTO AK","17.5","https://bulkseedbank.org/cannabis-seeds/autoflowering-seeds/auto-ak-2/","","","https://bulkseedbank.org/wp-json/wc/store/products","wc_store_product","2870","auto-ak-2"
"bulkseedbank.org","AUTO AMNESIA HAZE","17.5","https://bulkseedbank.org/cannabis-seeds/autoflowering-seeds/auto-amnesia-haze-2/","","","https://bulkseedbank.org/wp-json/wc/store/products","wc_store_product","2876","auto-amnesia-haze-2"
"bulkseedbank.org","AUTO AMNESIA PLATINUM","17.5","https://bulkseedbank.org/cannabis-seeds/autoflowering-seeds/auto-amnesia-platinum-2/","","","https://bulkseedbank.org/wp-json/wc/store/products","wc_store_product","2882","auto-amnesia-platinum-2"
"bulkseedbank.org","AUTO BLUEBERRY BERRY","17.5","https://bulkseedbank.org/cannabis-seeds/autoflowering-seeds/auto-blueberry-berry-2/","","","https://bulkseedbank.org/wp-json/wc/store/products","wc_store_product","2899","auto-blueberry-berry-2"
"bulkseedbank.org","AUTO BRUCE BANNER #5","17.5","https://bulkseedbank.org/cannabis-seeds/autoflowering-seeds/auto-bruce-banner/","","","https://bulkseedbank.org/wp-json/wc/store/products","wc_store_product","27992","auto-bruce-banner"
"bulkseedbank.org","AUTO BUBBLEGUM EXTRA","17.5","https://bulkseedbank.org/cannabis-seeds/autoflowering-seeds/auto-bubblegum-extra-2/","","","https://bulkseedbank.org/wp-json/wc/store/products","wc_store_product","2935","auto-bubblegum-extra-2"
"bulkseedbank.org","AUTO CARAMEL KING","17.5","https://bulkseedbank.org/cannabis-seeds/autoflowering-seeds/auto-caramel-king-2/","","","https://bulkseedbank.org/wp-json/wc/store/products","wc_store_product","2905","auto-caramel-king-2"
"bulkseedbank.org","AUTO COCOPOPO","17.5","https://bulkseedbank.org/cannabis-seeds/autoflowering-seeds/auto-cocopopo-2/","","","https://bulkseedbank.org/wp-json/wc/store/products","wc_store_product","2911","auto-cocopopo-2"
"bulkseedbank.org","AUTO GRANDE CRACK","17.5","https://bulkseedbank.org/cannabis-seeds/autoflowering-seeds/auto-grande-crack-3/","","","https://bulkseedbank.org/wp-json/wc/store/products","wc_store_product","17217","auto-grande-crack-3"
"bulkseedbank.org","AUTO GUERILLA GLUE","17.5","https://bulkseedbank.org/cannabis-seeds/autoflowering-seeds/auto-guerilla-glue-2/","","","https://bulkseedbank.org/wp-json/wc/store/products","wc_store_product","2887","auto-guerilla-glue-2"
"bulkseedbank.org","AUTO HELL BELLS OG","17.5","https://bulkseedbank.org/cannabis-seeds/autoflowering-seeds/auto-hell-bells-og-2/","","","https://bulkseedbank.org/wp-json/wc/store/products","wc_store_product","28018","auto-hell-bells-og-2"
"bulkseedbank.org","AUTO HINDU KUSH","17.5","https://bulkseedbank.org/cannabis-seeds/autoflowering-seeds/auto-hindu-kush-2/","","","https://bulkseedbank.org/wp-json/wc/store/products","wc_store_product","2965","auto-hindu-kush-2"
"bulkseedbank.org","AUTO JACK HAIR","17.5","https://bulkseedbank.org/cannabis-seeds/autoflowering-seeds/auto-jack-hair-2/","","","https://bulkseedbank.org/wp-json/wc/store/products","wc_store_product","2983","auto-jack-hair-2"
"bulkseedbank.org","AUTO LAVENDER BEST","17.5","https://bulkseedbank.org/cannabis-seeds/autoflowering-seeds/auto-lavender-best-2/","","","https://bulkseedbank.org/wp-json/wc/store/products","wc_store_product","2971","auto-lavender-best-2"
"bulkseedbank.org","AUTO MIMOSA FAMOSA","17.5","https://bulkseedbank.org/cannabis-seeds/autoflowering-seeds/auto-mimosa-famosa-2/","","","https://bulkseedbank.org/wp-json/wc/store/products","wc_store_product","27966","auto-mimosa-famosa-2"
"bulkseedbank.org","AUTO NBA DIESEL","17.5","https://bulkseedbank.org/cannabis-seeds/autoflowering-seeds/auto-nba-diesel-2/","","","https://bulkseedbank.org/wp-json/wc/store/products","wc_store_product","3025","auto-nba-diesel-2"
"bulkseedbank.org","AUTO OG KUSH","17.5","https://bulkseedbank.org/cannabis-seeds/autoflowering-seeds/auto-og-kush-2/","","","https://bulkseedbank.org/wp-json/wc/store/products","wc_store_product","3007","auto-og-kush-2"
"bulkseedbank.org","AUTO PSYCHEDELIC","17.5","https://bulkseedbank.org/cannabis-seeds/autoflowering-seeds/auto-psychedelic-2/","","","https://bulkseedbank.org/wp-json/wc/store/products","wc_store_product","3019","auto-psychedelic-2"
"bulkseedbank.org","AUTO SOUR DIESEL","17.5","https://bulkseedbank.org/cannabis-seeds/autoflowering-seeds/auto-sour-diesel-2/","","","https://bulkseedbank.org/wp-json/wc/store/products","wc_store_product","3043","auto-sour-diesel-2"
"bulkseedbank.org","AUTO SPECIAL SKUNK","17.5","https://bulkseedbank.org/cannabis-seeds/autoflowering-seeds/auto-special-skunk-2/","","","https://bulkseedbank.org/wp-json/wc/store/products","wc_store_product","3061","auto-special-skunk-2"
"bulkseedbank.org","AUTO STRAWBERRY FERRY","17.5","https://bulkseedbank.org/cannabis-seeds/autoflowering-seeds/auto-strawberry-ferry-2/","","","https://bulkseedbank.org/wp-json/wc/store/products","wc_store_product","28005","auto-strawberry-ferry-2"
"bulkseedbank.org","AUTO SWEET TOOTH","17.5","https://bulkseedbank.org/cannabis-seeds/autoflowering-seeds/auto-sweet-tooth-2/","","","https://bulkseedbank.org/wp-json/wc/store/products","wc_store_product","3049","auto-sweet-tooth-2"
"bulkseedbank.org","AUTO TROPICAL COCONUT","17.5","https://bulkseedbank.org/cannabis-seeds/autoflowering-seeds/auto-tropical-coconut-2/","","","https://bulkseedbank.org/wp-json/wc/store/products","wc_store_product","28044","auto-tropical-coconut-2"
"bulkseedbank.org","AUTO WATERMELON JAM","17.5","https://bulkseedbank.org/cannabis-seeds/autoflowering-seeds/auto-watermelon-jam-2/","","","https://bulkseedbank.org/wp-json/wc/store/products","wc_store_product","27940","auto-watermelon-jam-2"
"bulkseedbank.org","AUTO WHITE WIDOW","17.5","https://bulkseedbank.org/cannabis-seeds/autoflowering-seeds/auto-white-widow-2/","","","https://bulkseedbank.org/wp-json/wc/store/products","wc_store_product","3079","auto-white-widow-2"
"bulkseedbank.org","NEW’S HAZE","17.5","https://bulkseedbank.org/cannabis-seeds/feminised-seeds/news-haze-2/","","","https://bulkseedbank.org/wp-json/wc/store/products","wc_store_product","3295","news-haze-2"
"bulkseedbank.org","OG KUSH","17.5","https://bulkseedbank.org/cannabis-seeds/feminised-seeds/og-kush-2/","","","https://bulkseedbank.org/wp-json/wc/store/products","wc_store_product","3307","og-kush-2"
"bulkseedbank.org","SPECIAL CRYSTAL HAZE","17.5","https://bulkseedbank.org/cannabis-seeds/feminised-seeds/special-crystal-haze-2/","","","https://bulkseedbank.org/wp-json/wc/store/products","wc_store_product","3355","special-crystal-haze-2"
"bulkseedbank.org","SPECIAL LIME HAZE","17.5","https://bulkseedbank.org/cannabis-seeds/feminised-seeds/special-lime-haze-2/","","","https://bulkseedbank.org/wp-json/wc/store/products","wc_store_product","3361","special-lime-haze-2"
"dnagenetics.com","3Peat Fem Cannabis Seeds","45","https://dnagenetics.com/product/3peat/","","","https://dnagenetics.com/wp-json/wc/store/products","wc_store_product","87","3peat"
"dnagenetics.com","Bakers Delight  Cannabis Seeds","45","https://dnagenetics.com/product/bakers-delight/","","","https://dnagenetics.com/wp-json/wc/store/products","wc_store_product","29528","bakers-delight"
"dnagenetics.com","Cataract Cake Feminized Cannabis Seeds","80.12","https://dnagenetics.com/product/cataract-cake-feminized-cannabis-seeds/","","","https://dnagenetics.com/wp-json/wc/store/products","wc_store_product","58909","cataract-cake-feminized-cannabis-seeds"
"dnagenetics.com","Chocolate Truffle Shuffle Fem Cannabis Seeds","80.12","https://dnagenetics.com/product/chocolate-truffle-shuffle-fem/","","","https://dnagenetics.com/wp-json/wc/store/products","wc_store_product","304","chocolate-truffle-shuffle-fem"
"dnagenetics.com","Chocolope 256 Reg Cannabis Seeds","80.14","https://dnagenetics.com/product/chocolope-256-reg/","","","https://dnagenetics.com/wp-json/wc/store/products","wc_store_product","306","chocolope-256-reg"
"dnagenetics.com","Chocolope Kush Reg Cannabis Seeds","80.12","https://dnagenetics.com/product/chocolope-kush-reg/","","","https://dnagenetics.com/wp-json/wc/store/products","wc_store_product","375","chocolope-kush-reg"
"dnagenetics.com","DNA Auto Mix Pack Cannabis Seeds (Sample)","1","https://dnagenetics.com/product/dna-auto-mix-pack-cannabis-seeds-sample/","","","https://dnagenetics.com/wp-json/wc/store/products","wc_store_product","1320107","dna-auto-mix-pack-cannabis-seeds-sample"
"dnagenetics.com","DNA Cake Fem Cannabis Seeds","79.97","https://dnagenetics.com/product/dna-cake-fem/","","","https://dnagenetics.com/wp-json/wc/store/products","wc_store_product","376","dna-cake-fem"
"dnagenetics.com","DNA Mix Pack Cannabis Seeds","80.12","https://dnagenetics.com/product/dna-mix-pack/","","","https://dnagenetics.com/wp-json/wc/store/products","wc_store_product","29548","dna-mix-pack"
"dnagenetics.com","Double Dipped Strawberries Cannabis Seeds","80.16","https://dnagenetics.com/product/double-dipped-strawberry/","","","https://dnagenetics.com/wp-json/wc/store/products","wc_store_product","432","double-dipped-strawberry"
"dnagenetics.com","Double Stuffed Sorbet Fem Cannabis Seeds","80.12","https://dnagenetics.com/product/double-stuffed-sorbet/","","","https://dnagenetics.com/wp-json/wc/store/products","wc_store_product","29550","double-stuffed-sorbet"
"dnagenetics.com","Gelato Sorbet Fem Cannabis Seeds","45","https://dnagenetics.com/product/gelato-sorbet/","","","https://dnagenetics.com/wp-json/wc/store/products","wc_store_product","29553","gelato-sorbet"
"dnagenetics.com","Generation X-18 Reg Cannabis Seeds","65.75","https://dnagenetics.com/product/generation-x-18-reg/","","","https://dnagenetics.com/wp-json/wc/store/products","wc_store_product","436","generation-x-18-reg"
"dnagenetics.com","GG4 Fem Cannabis Seeds","79.96","https://dnagenetics.com/product/gorilla-glue-4-feminized/","","","https://dnagenetics.com/wp-json/wc/store/products","wc_store_product","8593","gorilla-glue-4-feminized"
"dnagenetics.com","HG23 AKA MICHAEL JORDAN AUTO Cannabis Seeds","80.12","https://dnagenetics.com/product/hg23-aka-michael-jordan-auto/","","","https://dnagenetics.com/wp-json/wc/store/products","wc_store_product","90","hg23-aka-michael-jordan-auto"
"dnagenetics.com","Kosher Dawg Autoflower Cannabis Seeds","45","https://dnagenetics.com/product/kosher-dawg-autoflower-cannabis-seeds/","","","https://dnagenetics.com/wp-json/wc/store/products","wc_store_product","58895","kosher-dawg-autoflower-cannabis-seeds"
"dnagenetics.com","L.A. Chocolat Feminized Cannabis Seeds","80.12","https://dnagenetics.com/product/l-a-chocolat-feminized-cannabis-seeds/","","","https://dnagenetics.com/wp-json/wc/store/products","wc_store_product","58917","l-a-chocolat-feminized-cannabis-seeds"
"dnagenetics.com","Mac n Me Autoflower Cannabis Seeds","45","https://dnagenetics.com/product/mac-n-me/","","","https://dnagenetics.com/wp-json/wc/store/products","wc_store_product","29592","mac-n-me"
"dnagenetics.com","MacNana auto Cannabis Seeds","80.18","https://dnagenetics.com/product/macnana-auto-seeds/","","","https://dnagenetics.com/wp-json/wc/store/products","wc_store_product","434","macnana-auto-seeds"
"dnagenetics.com","Purple Chocolope Fem Cannabis Seeds","79.96","https://dnagenetics.com/product/purple-chocolope/","","","https://dnagenetics.com/wp-json/wc/store/products","wc_store_product","305","purple-chocolope"
"dnagenetics.com","Skywalker Kush Auto Cannabis Seeds","45","https://dnagenetics.com/product/skywalker-kush-auto/","","","https://dnagenetics.com/wp-json/wc/store/products","wc_store_product","29594","skywalker-kush-auto"
"dnagenetics.com","Strawberry Banana Fem Cannabis Seeds","79.98","https://dnagenetics.com/product/strawberry-banana-s1/","","","https://dnagenetics.com/wp-json/wc/store/products","wc_store_product","381","strawberry-banana-s1"
"dnagenetics.com","Strawberry Sorbet Fem Cannabis Seeds","45","https://dnagenetics.com/product/strawberry-sorbet/","","","https://dnagenetics.com/wp-json/wc/store/products","wc_store_product","29584","strawberry-sorbet"
"dnagenetics.com","Swiss Miss Fem Cannabis Seeds","80.14","https://dnagenetics.com/product/swiss-miss-fem/","","","https://dnagenetics.com/wp-json/wc/store/products","wc_store_product","444","swiss-miss-fem"
"dnagenetics.com","Swiss Miss Reg Cannabis Seeds","80.12","https://dnagenetics.com/product/swiss-miss/","","","https://dnagenetics.com/wp-json/wc/store/products","wc_store_product","29586","swiss-miss"
"dnagenetics.com","Tangie Cannabis Seeds","80.12","https://dnagenetics.com/product/tangie/","","","https://dnagenetics.com/wp-json/wc/store/products","wc_store_product","29588","tangie"
"dnagenetics.com","Watermelon Man Auto Cannabis Seeds","80.16","https://dnagenetics.com/product/watermelon-man-auto-seeds/","","","https://dnagenetics.com/wp-json/wc/store/products","wc_store_product","426","watermelon-man-auto-seeds"
"dnagenetics.com","White Widow Feminized Cannabis Seeds","79.05","https://dnagenetics.com/product/white-widow-feminized/","","","https://dnagenetics.com/wp-json/wc/store/products","wc_store_product","9302","white-widow-feminized"
"dnagenetics.com","You Whoo Fem Cannabis Seeds","45","https://dnagenetics.com/product/you-whoo-fem/","","","https://dnagenetics.com/wp-json/wc/store/products","wc_store_product","382","you-whoo-fem"
"dnagenetics.com","Zallah Bread Fem Cannabis Seeds","80.13","https://dnagenetics.com/product/zallah-bread/","","","https://dnagenetics.com/wp-json/wc/store/products","wc_store_product","29590","zallah-bread"
"genehtik.com","Northern Lights Auto","9","https://www.genehtik.com/producto/northern-lights-auto/","","","https://genehtik.com/wp-json/wc/store/products","wc_store_product","4841","northern-lights-auto"
"genehtik.com","PACK 5 semillas AUTO + PACK 3 Novedades AUTO","24","https://www.genehtik.com/producto/pack-5-semillas-autoflorecientes/","","","https://genehtik.com/wp-json/wc/store/products","wc_store_product","42405","pack-5-semillas-autoflorecientes"
"genehtik.com","semillas de cannabis autoflorecientes","9","https://www.genehtik.com/producto/semillas-de-cannabis-autoflorecientes/","","","https://genehtik.com/wp-json/wc/store/products","wc_store_product","26388","semillas-de-cannabis-autoflorecientes"
"genehtik.com","semillas de marihuana autoflorecientes","9","https://www.genehtik.com/producto/semillas-de-marihuana-autoflorecientes/","","","https://genehtik.com/wp-json/wc/store/products","wc_store_product","26570","semillas-de-marihuana-autoflorecientes"
"genehtik.com","semillas de marihuana","9","https://www.genehtik.com/producto/semillas-de-marihuana/","","","https://genehtik.com/wp-json/wc/store/products","wc_store_product","26512","semillas-de-marihuana"
"genehtik.com","Strawbilbo Banana Auto","9","https://www.genehtik.com/producto/strawbilbo-banana-auto/","","","https://genehtik.com/wp-json/wc/store/products","wc_store_product","23464","strawbilbo-banana-auto"
"genehtik.com","Txerri Bilbo Haze","9","https://www.genehtik.com/producto/txerri-bilbo-haze/","","","https://genehtik.com/wp-json/wc/store/products","wc_store_product","18709","txerri-bilbo-haze"
"hyp3rids.com","ACE OF HAZE","70","https://hyp3rids.com/product/ace-of-haze","","","https://hyp3rids.com/wp-json/wc/store/products","wc_store_product","12775","ace-of-haze"
"hyp3rids.com","BANDIT KUSH","60","https://hyp3rids.com/product/bandit-kush","","","https://hyp3rids.com/wp-json/wc/store/products","wc_store_product","15402","bandit-kush"
"hyp3rids.com","BOUILLON HAZE","60","https://hyp3rids.com/product/bouillon-haze","","","https://hyp3rids.com/wp-json/wc/store/products","wc_store_product","14962","bouillon-haze"
"hyp3rids.com","BOUILLON HAZE | HUNTER PACK","90","https://hyp3rids.com/product/bouillon-haze-hunter-pack","","","https://hyp3rids.com/wp-json/wc/store/products","wc_store_product","16713","bouillon-haze-hunter-pack"
"hyp3rids.com","CBH ‘PURE HAZE’ | HUNTER PACK","90","https://hyp3rids.com/product/cbh-pure-haze-hunter-pack","","","https://hyp3rids.com/wp-json/wc/store/products","wc_store_product","16301","cbh-pure-haze-hunter-pack"
"hyp3rids.com","CUBAN BLOOD HAZE ‘EL SQUATO’ PHENO","60","https://hyp3rids.com/product/cuban-blood-haze-el-squato-pheno","","","https://hyp3rids.com/wp-json/wc/store/products","wc_store_product","15663","cuban-blood-haze-el-squato-pheno"
"hyp3rids.com","CBH ‘PURE HAZE’","60","https://hyp3rids.com/product/cuban-blood-haze-pure-haze-pheno","","","https://hyp3rids.com/wp-json/wc/store/products","wc_store_product","15659","cuban-blood-haze-pure-haze-pheno"
"hyp3rids.com","HEIRLOOM PURPLE AFGHAN KUSH BX1","80","https://hyp3rids.com/product/heirloom-purple-afghan-kush-bx1","","","https://hyp3rids.com/wp-json/wc/store/products","wc_store_product","16831","heirloom-purple-afghan-kush-bx1"
"hyp3rids.com","HEIRLOOM PURPLE AFGHAN KUSH IBL","80","https://hyp3rids.com/product/heirloom-purple-afghan-kush-limited","","","https://hyp3rids.com/wp-json/wc/store/products","wc_store_product","15978","heirloom-purple-afghan-kush-limited"
"hyp3rids.com","LAVA HAZE","60","https://hyp3rids.com/product/lava-haze-hunter-pack","","","https://hyp3rids.com/wp-json/wc/store/products","wc_store_product","15568","lava-haze-hunter-pack"
"hyp3rids.com","LONG ISLAND HAZE","60","https://hyp3rids.com/product/long-island-haze","","","https://hyp3rids.com/wp-json/wc/store/products","wc_store_product","12767","long-island-haze"
"hyp3rids.com","REDWOOD HAZE","60","https://hyp3rids.com/product/redwood-haze","","","https://hyp3rids.com/wp-json/wc/store/products","wc_store_product","14967","redwood-haze"
"kcbrains.com","Diamond Queen Kush® (Auto-Feminized)","24.5","https://kcbrains.com/shop/cannabis-seeds/auto-flowering/diamond-queen-kush-auto-fem/","","","https://kcbrains.com/wp-json/wc/store/products","wc_store_product","1231","diamond-queen-kush-auto-fem"
"kcbrains.com","K.C. 51® (Auto-Feminized)","24.5","https://kcbrains.com/shop/cannabis-seeds/auto-flowering/kc-51-fem-auto/","","","https://kcbrains.com/wp-json/wc/store/products","wc_store_product","246","kc-51-fem-auto"
"kcbrains.com","Lemon Sputnik® (Auto-Feminized)","24.5","https://kcbrains.com/shop/cannabis-seeds/auto-flowering/lemon-sputnik-auto-fem/","","","https://kcbrains.com/wp-json/wc/store/products","wc_store_product","1229","lemon-sputnik-auto-fem"
"kcbrains.com","Z-710 (Auto-Feminized)","24.5","https://kcbrains.com/shop/cannabis-seeds/auto-flowering/z-710/","","","https://kcbrains.com/wp-json/wc/store/products","wc_store_product","11685","z-710"
"kcbrains.com","Bahia Black Head Feminized®","24.5","https://kcbrains.com/shop/cannabis-seeds/feminized-seeds/bahai-black-head-feminized/","","","https://kcbrains.com/wp-json/wc/store/products","wc_store_product","509","bahai-black-head-feminized"
"kcbrains.com","Brains Damage Wedding Cake Feminized","24.5","https://kcbrains.com/shop/cannabis-seeds/feminized-seeds/brains-damage-wed-cake-feminized/","","","https://kcbrains.com/wp-json/wc/store/products","wc_store_product","11683","brains-damage-wed-cake-feminized"
"kcbrains.com","Brasil x K.C.® Feminized","24.5","https://kcbrains.com/shop/cannabis-seeds/feminized-seeds/brasil-x-kc-feminized/","","","https://kcbrains.com/wp-json/wc/store/products","wc_store_product","520","brasil-x-kc-feminized"
"kcbrains.com","Cristal Limit® (Fem)","24.5","https://kcbrains.com/shop/cannabis-seeds/feminized-seeds/cristal-limit-feminized/","","","https://kcbrains.com/wp-json/wc/store/products","wc_store_product","510","cristal-limit-feminized"
"kcbrains.com","Double D® (Fem)","24.5","https://kcbrains.com/shop/cannabis-seeds/feminized-seeds/double-d-feminized/","","","https://kcbrains.com/wp-json/wc/store/products","wc_store_product","502","double-d-feminized"
"kcbrains.com","Haze Special® (Fem)","24.5","https://kcbrains.com/shop/cannabis-seeds/feminized-seeds/haze-special-feminized/","","","https://kcbrains.com/wp-json/wc/store/products","wc_store_product","514","haze-special-feminized"
"kcbrains.com","KC 33® Feminized","24.5","https://kcbrains.com/shop/cannabis-seeds/feminized-seeds/kc-33-feminized/","","","https://kcbrains.com/wp-json/wc/store/products","wc_store_product","527","kc-33-feminized"
"kcbrains.com","KC 36® Feminized","24.5","https://kcbrains.com/shop/cannabis-seeds/feminized-seeds/kc-36-feminized/","","","https://kcbrains.com/wp-json/wc/store/products","wc_store_product","525","kc-36-feminized"
"kcbrains.com","Leda Uno® Feminized","24.5","https://kcbrains.com/shop/cannabis-seeds/feminized-seeds/leda-uno-feminized/","","","https://kcbrains.com/wp-json/wc/store/products","wc_store_product","526","leda-uno-feminized"
"kcbrains.com","Lemon Sherbet Feminized","24.5","https://kcbrains.com/shop/cannabis-seeds/feminized-seeds/lemon-sherbet-feminized/","","","https://kcbrains.com/wp-json/wc/store/products","wc_store_product","11681","lemon-sherbet-feminized"
"kcbrains.com","Mango® Feminized","24.5","https://kcbrains.com/shop/cannabis-seeds/feminized-seeds/mango-feminized/","","","https://kcbrains.com/wp-json/wc/store/products","wc_store_product","11056","mango-feminized"
"kcbrains.com","Mind Bender® (Fem)","24.5","https://kcbrains.com/shop/cannabis-seeds/feminized-seeds/mind-bender-feminized/","","","https://kcbrains.com/wp-json/wc/store/products","wc_store_product","523","mind-bender-feminized"
"kcbrains.com","Northern Light Special® (Fem)","24.5","https://kcbrains.com/shop/cannabis-seeds/feminized-seeds/northern-light-special-feminized/","","","https://kcbrains.com/wp-json/wc/store/products","wc_store_product","515","northern-light-special-feminized"
"kcbrains.com","White K.C.® (Fem)","24.5","https://kcbrains.com/shop/cannabis-seeds/feminized-seeds/white-kc-feminized/","","","https://kcbrains.com/wp-json/wc/store/products","wc_store_product","511","white-kc-feminized"
"kcbrains.com","Bahia Black Head Regular®","9.5","https://kcbrains.com/shop/cannabis-seeds/regular-seeds/bahia-black-head-regular/","","","https://kcbrains.com/wp-json/wc/store/products","wc_store_product","181","bahia-black-head-regular"
"kcbrains.com","KC 36® Regular","9.5","https://kcbrains.com/shop/cannabis-seeds/regular-seeds/kc-36-regular/","","","https://kcbrains.com/wp-json/wc/store/products","wc_store_product","142","kc-36-regular"
"lasemillaautomatica.com","Kame Kush","7","https://lasemillaautomatica.com/tienda/autoflorecientes/kame-kush/","","","https://lasemillaautomatica.com/wp-json/wc/store/products","wc_store_product","28",""
"northcoastgenetics.com","Burmese Kush x Blue Ice","25","https://northcoastgenetics.com/product/burmese-kush-x-blue-ice","","","https://northcoastgenetics.com/wp-json/wc/store/products","wc_store_product","2232","burmese-kush-x-blue-ice"
"northcoastgenetics.com","KILLER GLUE HAZE CAKE F2","25","https://northcoastgenetics.com/product/killer-glue-haze-cake-f2","","","https://northcoastgenetics.com/wp-json/wc/store/products","wc_store_product","2417","killer-glue-haze-cake-f2"
"northcoastgenetics.com","Kroeng Krawia Thai x Molikai Mountain Kush","50","https://northcoastgenetics.com/product/kroeng-krawia-thai-x-molikai-mountain-kush","","","https://northcoastgenetics.com/wp-json/wc/store/products","wc_store_product","2571","kroeng-krawia-thai-x-molikai-mountain-kush"
"northcoastgenetics.com","Moung Xai Thai Landrace Sativa","50","https://northcoastgenetics.com/product/moung-xai-thai-landrace-sativa","","","https://northcoastgenetics.com/wp-json/wc/store/products","wc_store_product","2537","moung-xai-thai-landrace-sativa"
"northcoastgenetics.com","NEVILLES HAZE 5 X NEVILLES HAZE 1 (A5)","75","https://northcoastgenetics.com/product/nevilles-haze-5-x-nevilles-haze-1-a5","","","https://northcoastgenetics.com/wp-json/wc/store/products","wc_store_product","2451","nevilles-haze-5-x-nevilles-haze-1-a5"
"northcoastgenetics.com","PRE-98 BUBBA KUSH","100","https://northcoastgenetics.com/product/pre-98-bubba-kush","","","https://northcoastgenetics.com/wp-json/wc/store/products","wc_store_product","2449","pre-98-bubba-kush"
"northcoastgenetics.com","Purple Kush","50","https://northcoastgenetics.com/product/purple-kush","","","https://northcoastgenetics.com/wp-json/wc/store/products","wc_store_product","2493","purple-kush"
"northcoastgenetics.com","SYRIAN LANDRACE GENETICS/SATIVA HASH PLANT","50","https://northcoastgenetics.com/product/syrian-landrace","","","https://northcoastgenetics.com/wp-json/wc/store/products","wc_store_product","2342","syrian-landrace"
"northcoastgenetics.com","Zamberry – Kaya Seed Company","50","https://northcoastgenetics.com/product/zamberryks","","","https://northcoastgenetics.com/wp-json/wc/store/products","wc_store_product","3303","zamberryks"
"spliffseeds.nl","Afghan Regular Cannabis Seeds","17.5","https://www.spliffseeds.nl/product/afghan-regular-cannabis-seeds/","","","https://spliffseeds.nl/wp-json/wc/store/products","wc_store_product","111272","afghan-regular-cannabis-seeds"
"spliffseeds.nl","AK Automatic Female Cannabis Seeds","27.5","https://www.spliffseeds.nl/product/ak-automatic-female-cannabis-seeds/","","","https://spliffseeds.nl/wp-json/wc/store/products","wc_store_product","111273","ak-automatic-female-cannabis-seeds"
"spliffseeds.nl","AK Regular Cannabis Seeds","17.5","https://www.spliffseeds.nl/product/ak-regular-cannabis-seeds/","","","https://spliffseeds.nl/wp-json/wc/store/products","wc_store_product","111271","ak-regular-cannabis-seeds"
"spliffseeds.nl","Blue Berry Female Cannabis Seeds","32.5","https://www.spliffseeds.nl/product/blue-berry-female-cannabis-seeds/","","","https://spliffseeds.nl/wp-json/wc/store/products","wc_store_product","111286","blue-berry-female-cannabis-seeds"
"spliffseeds.nl","Blue Berry Regular Cannabis Seeds","17.5","https://www.spliffseeds.nl/product/blue-berry-regular-cannabis-seeds/","","","https://spliffseeds.nl/wp-json/wc/store/products","wc_store_product","111270","blue-berry-regular-cannabis-seeds"
"spliffseeds.nl","Blue Medi Kush Female Cannabis Seeds","32.5","https://www.spliffseeds.nl/product/blue-medi-kush-female-cannabis-seeds/","","","https://spliffseeds.nl/wp-json/wc/store/products","wc_store_product","111287","blue-medi-kush-female-cannabis-seeds"
"spliffseeds.nl","Bubblegun Regular Cannabis Seeds","17.5","https://www.spliffseeds.nl/product/bubblegun-regular-cannabis-seeds/","","","https://spliffseeds.nl/wp-json/wc/store/products","wc_store_product","111303","bubblegun-regular-cannabis-seeds"
"spliffseeds.nl","Crystal White Female Cannabis Seeds","32.5","https://www.spliffseeds.nl/product/crystal-white-female-cannabis-seeds/","","","https://spliffseeds.nl/wp-json/wc/store/products","wc_store_product","111291","crystal-white-female-cannabis-seeds"
"spliffseeds.nl","Dutch Automatic Female Cannabis Seeds","24.9","https://www.spliffseeds.nl/product/dutch-automatic-female-cannabis-seeds/","","","https://spliffseeds.nl/wp-json/wc/store/products","wc_store_product","111274","dutch-automatic-female-cannabis-seeds"
"spliffseeds.nl","Dutch Blue Automatic Female Cannabis Seeds","24.9","https://www.spliffseeds.nl/product/dutch-blue-automatic-female-cannabis-seeds/","","","https://spliffseeds.nl/wp-json/wc/store/products","wc_store_product","111275","dutch-blue-automatic-female-cannabis-seeds"
"spliffseeds.nl","Gelato Automatic Female Cannabis Seeds","27.5","https://www.spliffseeds.nl/product/gelato-automatic-female-cannabis-seeds/","","","https://spliffseeds.nl/wp-json/wc/store/products","wc_store_product","142099","gelato-automatic-female-cannabis-seeds"
"spliffseeds.nl","Girls Scout Cookies Automatic Female Cannabis Seeds","27.5","https://www.spliffseeds.nl/product/girls-scout-cookies-automatic-female-cannabis-seeds/","","","https://spliffseeds.nl/wp-json/wc/store/products","wc_store_product","111307","girls-scout-cookies-automatic-female-cannabis-seeds"
"spliffseeds.nl","Gold Bar Kush Female Cannabis Seeds","32.5","https://www.spliffseeds.nl/product/gold-bar-kush-female-cannabis-seeds/","","","https://spliffseeds.nl/wp-json/wc/store/products","wc_store_product","111292","gold-bar-kush-female-cannabis-seeds"
"spliffseeds.nl","Gorilla Automatic Female Cannabis Seeds","27.5","https://www.spliffseeds.nl/product/gorilla-automatic-female-cannabis-seeds/","","","https://spliffseeds.nl/wp-json/wc/store/products","wc_store_product","142102","gorilla-automatic-female-cannabis-seeds"
"spliffseeds.nl","Haze #1 Regular Cannabis Seeds","9.9","https://www.spliffseeds.nl/product/haze-regular-cannabis-seeds/","","","https://spliffseeds.nl/wp-json/wc/store/products","wc_store_product","111269","haze-regular-cannabis-seeds"
"spliffseeds.nl","Jack F1 Female Cannabis Seeds","32.5","https://www.spliffseeds.nl/product/jack-f1-female-cannabis-seeds/","","","https://spliffseeds.nl/wp-json/wc/store/products","wc_store_product","111293","jack-f1-female-cannabis-seeds"
"spliffseeds.nl","Jack F1 Regular Cannabis Seeds","17.5","https://www.spliffseeds.nl/product/jack-f1-regular-cannabis-seeds/","","","https://spliffseeds.nl/wp-json/wc/store/products","wc_store_product","111268","jack-f1-regular-cannabis-seeds"
"spliffseeds.nl","Mega Power Plant Automatic Female Cannabis Seeds","27.5","https://www.spliffseeds.nl/product/mega-power-plant-automatic-female-cannabis-seeds/","","","https://spliffseeds.nl/wp-json/wc/store/products","wc_store_product","111305","mega-power-plant-automatic-female-cannabis-seeds"
"spliffseeds.nl","Mint Runtz Automatic Female Cannabis Seeds","27.5","https://www.spliffseeds.nl/product/mint-runtz-automatic-female-cannabis-seeds/","","","https://spliffseeds.nl/wp-json/wc/store/products","wc_store_product","142111","mint-runtz-automatic-female-cannabis-seeds"
"spliffseeds.nl","Moon Walker Kush Female Cannabis Seeds","32.5","https://www.spliffseeds.nl/product/moon-walker-kush-female-cannabis-seeds/","","","https://spliffseeds.nl/wp-json/wc/store/products","wc_store_product","111295","moon-walker-kush-female-cannabis-seeds"
"spliffseeds.nl","Neville’s Haze Female Cannabis Seeds","32.5","https://www.spliffseeds.nl/product/nevilles-haze-female-cannabis-seeds/","","","https://spliffseeds.nl/wp-json/wc/store/products","wc_store_product","142117","nevilles-haze-female-cannabis-seeds"
"spliffseeds.nl","Power Plant Female Cannabis Seeds","32.5","https://www.spliffseeds.nl/product/power-plant-female-cannabis-seeds/","","","https://spliffseeds.nl/wp-json/wc/store/products","wc_store_product","111296","power-plant-female-cannabis-seeds"
"spliffseeds.nl","Spliff Cheese Automatic Female Cannabis Seeds","24","https://www.spliffseeds.nl/product/spliff-cheese-automatic-female-cannabis-seeds/","","","https://spliffseeds.nl/wp-json/wc/store/products","wc_store_product","111278","spliff-cheese-automatic-female-cannabis-seeds"
"spliffseeds.nl","Spliff Cheese Female Cannabis Seeds","32.5","https://www.spliffseeds.nl/product/spliff-cheese-female-cannabis-seeds/","","","https://spliffseeds.nl/wp-json/wc/store/products","wc_store_product","111298","spliff-cheese-female-cannabis-seeds"
"spliffseeds.nl","Super Skunk Regular Cannabis Seeds","17.5","https://www.spliffseeds.nl/product/super-skunk-regular-cannabis-seeds/","","","https://spliffseeds.nl/wp-json/wc/store/products","wc_store_product","111264","super-skunk-regular-cannabis-seeds"
"spliffseeds.nl","Zkittlez Automatic Female Cannabis Seeds","27.5","https://www.spliffseeds.nl/product/zkittlez-automatic-female-cannabis-seeds/","","","https://spliffseeds.nl/wp-json/wc/store/products","wc_store_product","111308","zkittlez-automatic-female-cannabis-seeds"
"spliffseeds.nl","Zkittlez Female Cannabis Seeds","32.5","https://www.spliffseeds.nl/product/zkittlez-female-cannabis-seeds/","","","https://spliffseeds.nl/wp-json/wc/store/products","wc_store_product","111310","zkittlez-female-cannabis-seeds"
"thebulldogseeds.com","TB Gorilla Auto","27","https://thebulldogseeds.com/product/tb-gorilla-auto/","","","https://thebulldogseeds.com/wp-json/wc/store/products","wc_store_product","1413","tb-gorilla-auto"
"thebulldogseeds.com","TB Kush","25","https://thebulldogseeds.com/product/tb-kush/","","","https://thebulldogseeds.com/wp-json/wc/store/products","wc_store_product","1414","tb-kush"
"thebulldogseeds.com","TB Lemon Haze Auto","20","https://thebulldogseeds.com/product/tb-lemon-haze-auto/","","","https://thebulldogseeds.com/wp-json/wc/store/products","wc_store_product","1411","tb-lemon-haze-auto"
"thebulldogseeds.com","TB Mimosa Cannabis Seeds","29","https://thebulldogseeds.com/product/tb-mimosa/","","","https://thebulldogseeds.com/wp-json/wc/store/products","wc_store_product","1416","tb-mimosa"
"visionseeds.nl","AK-49 – AutoFem","17.5","https://www.visionseeds.nl/product/ak-49-autofem/","","","https://visionseeds.nl/wp-json/wc/store/products","wc_store_product","1974","ak-49-autofem"
"visionseeds.nl","Brainkiller Haze","25","https://www.visionseeds.nl/product/brainkiller-haze/","","","https://visionseeds.nl/wp-json/wc/store/products","wc_store_product","2009","brainkiller-haze"
"visionseeds.nl","La Blanca Gold AutoFem","17.5","https://www.visionseeds.nl/product/la-blanca-gold-autofem/","","","https://visionseeds.nl/wp-json/wc/store/products","wc_store_product","2059","la-blanca-gold-autofem"
"visionseeds.nl","Lowryder – AutoFem","17.5","https://www.visionseeds.nl/product/lowryder-autofem/","","","https://visionseeds.nl/wp-json/wc/store/products","wc_store_product","2064","lowryder-autofem"
"visionseeds.nl","Silver Haze","21","https://www.visionseeds.nl/product/silver-haze/","","","https://visionseeds.nl/wp-json/wc/store/products","wc_store_product","2099","silver-haze"
"visionseeds.nl","Super Skunk – AutoFem","17.5","https://www.visionseeds.nl/product/super-skunk-autofem/","","","https://visionseeds.nl/wp-json/wc/store/products","wc_store_product","2109","super-skunk-autofem"
"visionseeds.nl","Tom Kush OG","22.5","https://www.visionseeds.nl/product/tom-kush-og/","","","https://visionseeds.nl/wp-json/wc/store/products","wc_store_product","2119","tom-kush-og"
"visionseeds.nl","Vision Caramello Auto","22.5","https://www.visionseeds.nl/product/vision-caramello-auto/","","","https://visionseeds.nl/wp-json/wc/store/products","wc_store_product","3385","vision-caramello-auto"
"visionseeds.nl","Vision Gelato Auto","22.5","https://www.visionseeds.nl/product/vision-gelato-auto/","","","https://visionseeds.nl/wp-json/wc/store/products","wc_store_product","3390","vision-gelato-auto"
"visionseeds.nl","White Widow – AutoFem","17.5","https://www.visionseeds.nl/product/white-widow-autofem/","","","https://visionseeds.nl/wp-json/wc/store/products","wc_store_product","2149","white-widow-autofem"
