"host","title","price_norm","link","image","vendor","source_url","type","id","slug"
"aceseeds.org","ACE Mix Regular","21","https://www.aceseeds.org/semillas/ace-mix-regular-semillas-baratas/","","","https://aceseeds.org/wp-json/wc/store/products","wc_store_product","1629","ace-mix-regular-semillas-baratas"
"aceseeds.org","Afghan Lemon Feminizada","72,5","https://www.aceseeds.org/semillas/afghan-lemon-semillas-feminizadas/","","","https://aceseeds.org/wp-json/wc/store/products","wc_store_product","25901","afghan-lemon-semillas-feminizadas"
"aceseeds.org","African Gas Feminizada","15","https://www.aceseeds.org/semillas/african-gas-semillas-feminizadas/","","","https://aceseeds.org/wp-json/wc/store/products","wc_store_product","31675","african-gas-semillas-feminizadas"
"aceseeds.org","Bangi Haze Regular","35","https://www.aceseeds.org/semillas/bangi-haze-semillas-regulares/","","","https://aceseeds.org/wp-json/wc/store/products","wc_store_product","1659","bangi-haze-semillas-regulares"
"aceseeds.org","Bangi Congo x Zamaldelica I+D Regular","32,5","https://www.aceseeds.org/semillas/bangicongoxzamaldelica-regular/","","","https://aceseeds.org/wp-json/wc/store/products","wc_store_product","6327","bangicongoxzamaldelica-regular"
"aceseeds.org","Bangi Haze x ErdPurt I+D Regular","50","https://www.aceseeds.org/semillas/bangihazexerdpurt-regular/","","","https://aceseeds.org/wp-json/wc/store/products","wc_store_product","6341","bangihazexerdpurt-regular"
"aceseeds.org","Black Mango Regular","55","https://www.aceseeds.org/semillas/black-mango-semillas-regulares/","","","https://aceseeds.org/wp-json/wc/store/products","wc_store_product","34109","black-mango-semillas-regulares"
"aceseeds.org","C5 Haze x Kali China Feminizada","65","https://www.aceseeds.org/semillas/c5-haze-x-kali-china-semillas-feminizadas/","","","https://aceseeds.org/wp-json/wc/store/products","wc_store_product","25907","c5-haze-x-kali-china-semillas-feminizadas"
"aceseeds.org","C5 Haze x Zamaldelica I+D Regular","42,25","https://www.aceseeds.org/semillas/c5hazexzamaldelica-regular/","","","https://aceseeds.org/wp-json/wc/store/products","wc_store_product","6425","c5hazexzamaldelica-regular"
"aceseeds.org","CBD # 1 x Panama I+D Feminizada","42,25","https://www.aceseeds.org/semillas/cbd1xpanama-semillas-feminizadas/","","","https://aceseeds.org/wp-json/wc/store/products","wc_store_product","6513","cbd1xpanama-semillas-feminizadas"
"aceseeds.org","China Yunnan Regular","35","https://www.aceseeds.org/semillas/china-yunnan-semillas-regulares/","","","https://aceseeds.org/wp-json/wc/store/products","wc_store_product","25840","china-yunnan-semillas-regulares"
"aceseeds.org","Congo Regular","35","https://www.aceseeds.org/semillas/congo-semillas-regulares/","","","https://aceseeds.org/wp-json/wc/store/products","wc_store_product","1719","congo-semillas-regulares"
"aceseeds.org","Durban Poison 80s Regular","55","https://www.aceseeds.org/semillas/durban-poison-80s-semillas-regulares/","","","https://aceseeds.org/wp-json/wc/store/products","wc_store_product","30842","durban-poison-80s-semillas-regulares"
"aceseeds.org","Early Evil Haze Feminizada","80","https://www.aceseeds.org/semillas/early-evil-haze-semillas-feminizadas/","","","https://aceseeds.org/wp-json/wc/store/products","wc_store_product","31538","early-evil-haze-semillas-feminizadas"
"aceseeds.org","ErdPurt Regular","35","https://www.aceseeds.org/semillas/erdpurt-semillas-regulares/","","","https://aceseeds.org/wp-json/wc/store/products","wc_store_product","1747","erdpurt-semillas-regulares"
"aceseeds.org","ErdPurt x Panama I+D Feminizada","32,5","https://www.aceseeds.org/semillas/erdpurtxpanama-semillas-feminizadas/","","","https://aceseeds.org/wp-json/wc/store/products","wc_store_product","6243","erdpurtxpanama-semillas-feminizadas"
"aceseeds.org","ErdPurt x PCK Regular","65","https://www.aceseeds.org/semillas/erdpurtxpck-semillas-regulares/","","","https://aceseeds.org/wp-json/wc/store/products","wc_store_product","6773","erdpurtxpck-semillas-regulares"
"aceseeds.org","Foitong Regular","55","https://www.aceseeds.org/semillas/foitong-semillas-regulares/","","","https://aceseeds.org/wp-json/wc/store/products","wc_store_product","34113","foitong-semillas-regulares"
"aceseeds.org","Golden Tiger 3ª versión Thai Dominante Feminizada","65","https://www.aceseeds.org/semillas/golden-tiger-3a-version-semillas-feminizadas/","","","https://aceseeds.org/wp-json/wc/store/products","wc_store_product","5340","golden-tiger-3a-version-semillas-feminizadas"
"aceseeds.org","Golden Tiger Regular","35","https://www.aceseeds.org/semillas/golden-tiger-semillas-regulares/","","","https://aceseeds.org/wp-json/wc/store/products","wc_store_product","2025","golden-tiger-semillas-regulares"
"aceseeds.org","Golden Tiger x ErdPurt I+D Regular","50","https://www.aceseeds.org/semillas/goldentigerxerdpurt-regular/","","","https://aceseeds.org/wp-json/wc/store/products","wc_store_product","6389","goldentigerxerdpurt-regular"
"aceseeds.org","Guawi Feminizada","15","https://www.aceseeds.org/semillas/guawi-semillas-feminizadas/","","","https://aceseeds.org/wp-json/wc/store/products","wc_store_product","2880","guawi-semillas-feminizadas"
"aceseeds.org","Hangkrarok Gigante Regular","30","https://www.aceseeds.org/semillas/hangkrarok-gigante-semillas-regulares/","","","https://aceseeds.org/wp-json/wc/store/products","wc_store_product","34183","hangkrarok-gigante-semillas-regulares"
"aceseeds.org","Hangkrarok Manao Regular","55","https://www.aceseeds.org/semillas/hangkrarok-manao-semillas-regulares/","","","https://aceseeds.org/wp-json/wc/store/products","wc_store_product","34147","hangkrarok-manao-semillas-regulares"
"aceseeds.org","HashPlant Haze x Malawi I+D Regular","65","https://www.aceseeds.org/semillas/hashplanthazexmalawi-semillas-regulares/","","","https://aceseeds.org/wp-json/wc/store/products","wc_store_product","6267","hashplanthazexmalawi-semillas-regulares"
"aceseeds.org","6 HashTonic Feminizada","500","https://www.aceseeds.org/semillas/hashtonic-feminizada-copia/","","","https://aceseeds.org/wp-json/wc/store/products","wc_store_product","31605","hashtonic-feminizada-copia"
"aceseeds.org","Haze X Kali China Feminizada","15","https://www.aceseeds.org/semillas/hazexkalichina-semillas-feminizadas/","","","https://aceseeds.org/wp-json/wc/store/products","wc_store_product","353","hazexkalichina-semillas-feminizadas"
"aceseeds.org","Hindu Kush Regular","150","https://www.aceseeds.org/semillas/hindu-kush-semillas-regulares/","","","https://aceseeds.org/wp-json/wc/store/products","wc_store_product","34393","hindu-kush-semillas-regulares"
"aceseeds.org","Honduras Regular","35","https://www.aceseeds.org/semillas/honduras-semillas-regulares/","","","https://aceseeds.org/wp-json/wc/store/products","wc_store_product","2624","honduras-semillas-regulares"
"aceseeds.org","Honduras x Panama Feminizada","15","https://www.aceseeds.org/semillas/honduras-x-panama-semillas-feminizadas/","","","https://aceseeds.org/wp-json/wc/store/products","wc_store_product","32543","honduras-x-panama-semillas-feminizadas"
"aceseeds.org","Juanita x Malawi I+D Feminizada","42,25","https://www.aceseeds.org/semillas/juanitaxmalawi-semillas-feminizadas/","","","https://aceseeds.org/wp-json/wc/store/products","wc_store_product","6495","juanitaxmalawi-semillas-feminizadas"
"aceseeds.org","Kali China Feminizada","15","https://www.aceseeds.org/semillas/kali-china-semillas-feminizadas/","","","https://aceseeds.org/wp-json/wc/store/products","wc_store_product","25952","kali-china-semillas-feminizadas"
"aceseeds.org","Kalidonia Feminizada","50","https://www.aceseeds.org/semillas/kalidonia-semillas-feminizadas/","","","https://aceseeds.org/wp-json/wc/store/products","wc_store_product","31409","kalidonia-semillas-feminizadas"
"aceseeds.org","Killer A5 Haze Regular","52","https://www.aceseeds.org/semillas/killer-a5-haze-semillas-regulares/","","","https://aceseeds.org/wp-json/wc/store/products","wc_store_product","32491","killer-a5-haze-semillas-regulares"
"aceseeds.org","Kullu Regular","39,5","https://www.aceseeds.org/semillas/kullu-semillas-regulares/","","","https://aceseeds.org/wp-json/wc/store/products","wc_store_product","4504","kullu-semillas-regulares"
"aceseeds.org","Lao Highland Regular","48","https://www.aceseeds.org/semillas/lao-highland-semillas-regulares/","","","https://aceseeds.org/wp-json/wc/store/products","wc_store_product","5620","lao-highland-semillas-regulares"
"aceseeds.org","Líbano x Hokkaido Japón F1 I+D Regular","26","https://www.aceseeds.org/semillas/lebanonxhokkaidojapanf1-semillas-regulares/","","","https://aceseeds.org/wp-json/wc/store/products","wc_store_product","6549","lebanonxhokkaidojapanf1-semillas-regulares"
"aceseeds.org","Líbano Regular","35","https://www.aceseeds.org/semillas/libano-semillas-regulares/","","","https://aceseeds.org/wp-json/wc/store/products","wc_store_product","3635","libano-semillas-regulares"
"aceseeds.org","Malawi / PCK #47 morada x ErdPurt I+D Regular","32,5","https://www.aceseeds.org/semillas/malawipckxerdpurt-semillas-regulares/","","","https://aceseeds.org/wp-json/wc/store/products","wc_store_product","6401","malawipckxerdpurt-semillas-regulares"
"aceseeds.org","Malawi / PCK #47 morada x Nueva Malawi asesina I+D Feminizada","32,5","https://www.aceseeds.org/semillas/malawipckxnewmalawikiller-fem/","","","https://aceseeds.org/wp-json/wc/store/products","wc_store_product","6573","malawipckxnewmalawikiller-fem"
"aceseeds.org","Malawi x Panamá Regular","35","https://www.aceseeds.org/semillas/malawixpanama-semillas-regulares/","","","https://aceseeds.org/wp-json/wc/store/products","wc_store_product","3887","malawixpanama-semillas-regulares"
"aceseeds.org","12 Marruecos Beldia Kif Regular","500","https://www.aceseeds.org/semillas/marruecos-beldia-kif-regular-copia/","","","https://aceseeds.org/wp-json/wc/store/products","wc_store_product","31555","marruecos-beldia-kif-regular-copia"
"aceseeds.org","Marruecos Beldia Kif Feminizada","11","https://www.aceseeds.org/semillas/marruecos-beldia-kif-semillas-feminizadas/","","","https://aceseeds.org/wp-json/wc/store/products","wc_store_product","5008","marruecos-beldia-kif-semillas-feminizadas"
"aceseeds.org","Marruecos Beldia Kif Regular","26","https://www.aceseeds.org/semillas/marruecos-beldia-kif-semillas-regulares/","","","https://aceseeds.org/wp-json/wc/store/products","wc_store_product","4927","marruecos-beldia-kif-semillas-regulares"
"aceseeds.org","Mastuj Chitral Albaricoque Morado Regular","150","https://www.aceseeds.org/semillas/mastuj-chitral-albaricoque-morado-semillas-regulares/","","","https://aceseeds.org/wp-json/wc/store/products","wc_store_product","32913","mastuj-chitral-albaricoque-morado-semillas-regulares"
"aceseeds.org","Nepal Annapurna Regular","26","https://www.aceseeds.org/semillas/nepal-annapurna-semillas-regulares/","","","https://aceseeds.org/wp-json/wc/store/products","wc_store_product","5537","nepal-annapurna-semillas-regulares"
"aceseeds.org","Nepal Jam Regular","35","https://www.aceseeds.org/semillas/nepal-jam-semillas-regulares/","","","https://aceseeds.org/wp-json/wc/store/products","wc_store_product","1987","nepal-jam-semillas-regulares"
"aceseeds.org","Nepal Mist Regular","50","https://www.aceseeds.org/semillas/nepal-mist-semillas-regulares/","","","https://aceseeds.org/wp-json/wc/store/products","wc_store_product","5398","nepal-mist-semillas-regulares"
"aceseeds.org","Oaxaca x Zamaldelica I+D Regular","80","https://www.aceseeds.org/semillas/oaxaca-x-zamaldelica-id-regular-seeds/","","","https://aceseeds.org/wp-json/wc/store/products","wc_store_product","31983","oaxaca-x-zamaldelica-id-regular-seeds"
"aceseeds.org","Oldtimer&#8217;s Haze Regular","45","https://www.aceseeds.org/semillas/oldtimers-haze-semillas-regulares/","","","https://aceseeds.org/wp-json/wc/store/products","wc_store_product","1081","oldtimers-haze-semillas-regulares"
"aceseeds.org","Orient Express Regular","35","https://www.aceseeds.org/semillas/orient-express-semillas-regulares/","","","https://aceseeds.org/wp-json/wc/store/products","wc_store_product","1853","orient-express-semillas-regulares"
"aceseeds.org","Panama A5 Haze Feminizada","80","https://www.aceseeds.org/semillas/panama-a5-haze-semillas-feminizadas/","","","https://aceseeds.org/wp-json/wc/store/products","wc_store_product","6663","panama-a5-haze-semillas-feminizadas"
"aceseeds.org","Panama x Bangi Haze Feminizada","15","https://www.aceseeds.org/semillas/panama-bangi-haze-semillas-feminizadas/","","","https://aceseeds.org/wp-json/wc/store/products","wc_store_product","3074","panama-bangi-haze-semillas-feminizadas"
"aceseeds.org","Panama Haze Feminizada","15","https://www.aceseeds.org/semillas/panama-haze-semillas-feminizadas/","","","https://aceseeds.org/wp-json/wc/store/products","wc_store_product","730","panama-haze-semillas-feminizadas"
"aceseeds.org","Panama Haze Regular","35","https://www.aceseeds.org/semillas/panama-haze-semillas-regulares/","","","https://aceseeds.org/wp-json/wc/store/products","wc_store_product","28863","panama-haze-semillas-regulares"
"aceseeds.org","Panama Regular","45","https://www.aceseeds.org/semillas/panama-semillas-regulares/","","","https://aceseeds.org/wp-json/wc/store/products","wc_store_product","1907","panama-semillas-regulares"
"aceseeds.org","Panama x Bangi Haze Regular","35","https://www.aceseeds.org/semillas/panamaxbangi-haze-semillas-regulares/","","","https://aceseeds.org/wp-json/wc/store/products","wc_store_product","5075","panamaxbangi-haze-semillas-regulares"
"aceseeds.org","Panama x ErdPurt I+D Regular","32,5","https://www.aceseeds.org/semillas/panamaxerdpurt-semillas-regulares/","","","https://aceseeds.org/wp-json/wc/store/products","wc_store_product","6407","panamaxerdpurt-semillas-regulares"
"aceseeds.org","Phu Phan Tiger Tail Regular","55","https://www.aceseeds.org/semillas/phu-phan-tiger-tail-semillas-regulares/","","","https://aceseeds.org/wp-json/wc/store/products","wc_store_product","34134","phu-phan-tiger-tail-semillas-regulares"
"aceseeds.org","6 Purple Haze x Malawi Feminizada","500","https://www.aceseeds.org/semillas/purple-haze-x-malawi-feminizada-copia/","","","https://aceseeds.org/wp-json/wc/store/products","wc_store_product","31624","purple-haze-x-malawi-feminizada-copia"
"aceseeds.org","12 Purple Haze x Malawi Regular","500","https://www.aceseeds.org/semillas/purple-haze-x-malawi-regular-copia/","","","https://aceseeds.org/wp-json/wc/store/products","wc_store_product","31575","purple-haze-x-malawi-regular-copia"
"aceseeds.org","Purple Haze x Malawi Feminizada","15","https://www.aceseeds.org/semillas/purple-hazexmalawi-semillas-feminizadas/","","","https://aceseeds.org/wp-json/wc/store/products","wc_store_product","824","purple-hazexmalawi-semillas-feminizadas"
"aceseeds.org","Purple Haze x Malawi Regular","35","https://www.aceseeds.org/semillas/purple-hazexmalawi-semillas-regulares/","","","https://aceseeds.org/wp-json/wc/store/products","wc_store_product","2676","purple-hazexmalawi-semillas-regulares"
"aceseeds.org","Purple Haze #23 x Thai Chiang Mai I+D Regular","65","https://www.aceseeds.org/semillas/purplehazexthaichiangmai-semillas-regulares/","","","https://aceseeds.org/wp-json/wc/store/products","wc_store_product","6261","purplehazexthaichiangmai-semillas-regulares"
"aceseeds.org","Malawi Morada x ErdPurt I+D Regular","32,5","https://www.aceseeds.org/semillas/purplemalawixerdpurt-semillas-regulares/","","","https://aceseeds.org/wp-json/wc/store/products","wc_store_product","6273","purplemalawixerdpurt-semillas-regulares"
"aceseeds.org","Baluchistán Quetta Selección Morada #1 Regular","150","https://www.aceseeds.org/semillas/quetta-seleccion-morada1-semillas-regulares/","","","https://aceseeds.org/wp-json/wc/store/products","wc_store_product","6823","quetta-seleccion-morada1-semillas-regulares"
"aceseeds.org","Rasol Regular","32,5","https://www.aceseeds.org/semillas/rasol-semillas-regulares/","","","https://aceseeds.org/wp-json/wc/store/products","wc_store_product","4484","rasol-semillas-regulares"
"aceseeds.org","Rudra Solvent Feminizada","80","https://www.aceseeds.org/semillas/rudra-solvent-semillas-feminizadas/","","","https://aceseeds.org/wp-json/wc/store/products","wc_store_product","31504","rudra-solvent-semillas-feminizadas"
"aceseeds.org","Siberian Ruderalis Feminizada","32,5","https://www.aceseeds.org/semillas/siberian-ruderalis-semillas-feminizadas/","","","https://aceseeds.org/wp-json/wc/store/products","wc_store_product","31243","siberian-ruderalis-semillas-feminizadas"
"aceseeds.org","Super Malawi Haze Feminizada","15","https://www.aceseeds.org/semillas/super-malawi-haze-semillas-feminizadas/","","","https://aceseeds.org/wp-json/wc/store/products","wc_store_product","26013","super-malawi-haze-semillas-feminizadas"
"aceseeds.org","Super Malawi Haze Regular","35","https://www.aceseeds.org/semillas/super-malawi-haze-semillas-regulares/","","","https://aceseeds.org/wp-json/wc/store/products","wc_store_product","25885","super-malawi-haze-semillas-regulares"
"aceseeds.org","Thaidelica I+D Regular","32,5","https://www.aceseeds.org/semillas/thaidelica-id-semillas-regulares/","","","https://aceseeds.org/wp-json/wc/store/products","wc_store_product","31990","thaidelica-id-semillas-regulares"
"aceseeds.org","Violeta Regular","35","https://www.aceseeds.org/semillas/violeta-semillas-regulares/","","","https://aceseeds.org/wp-json/wc/store/products","wc_store_product","1273","violeta-semillas-regulares"
"aceseeds.org","12 Zamaldelica Regular","500","https://www.aceseeds.org/semillas/zamaldelica-regular-copia/","","","https://aceseeds.org/wp-json/wc/store/products","wc_store_product","31585","zamaldelica-regular-copia"
"aceseeds.org","Zamaldelica Regular","35","https://www.aceseeds.org/semillas/zamaldelica-semillas-regulares/","","","https://aceseeds.org/wp-json/wc/store/products","wc_store_product","1351","zamaldelica-semillas-regulares"
"aceseeds.org","Zamal morada x A5 Haze I+D Feminizada","42,25","https://www.aceseeds.org/semillas/zamalmoradaxa5haze-semillas-feminizadas/","","","https://aceseeds.org/wp-json/wc/store/products","wc_store_product","6309","zamalmoradaxa5haze-semillas-feminizadas"
"aceseeds.org","Zamal morada x Bangi Haze I+D Feminizada","42,25","https://www.aceseeds.org/semillas/zamalmoradaxbangihaze_semillas_feminizadas/","","","https://aceseeds.org/wp-json/wc/store/products","wc_store_product","6579","zamalmoradaxbangihaze_semillas_feminizadas"
"aceseeds.org","Zamal morada x ErdPurt I+D Regular","32,5","https://www.aceseeds.org/semillas/zamalmoradaxerdpurt-semillas-regulares/","","","https://aceseeds.org/wp-json/wc/store/products","wc_store_product","6413","zamalmoradaxerdpurt-semillas-regulares"
"blimburnseeds.com","Apple Fritter Autoflower HMC Edition","42","https://blimburnseeds.com/apple-fritter-autoflower-hmc-edition/","","","https://blimburnseeds.com/wp-json/wc/store/products","wc_store_product","388810","apple-fritter-autoflower-hmc-edition"
"blimburnseeds.com","Blackberry Moonrocks Auto HMC Edition","42","https://blimburnseeds.com/blackberry-moonrocks-auto-hmc-edition/","","","https://blimburnseeds.com/wp-json/wc/store/products","wc_store_product","388554","blackberry-moonrocks-auto-hmc-edition"
"blimburnseeds.com","Cafe Racer Autoflower","19,5","https://blimburnseeds.com/cafe-racer-autoflower/","","","https://blimburnseeds.com/wp-json/wc/store/products","wc_store_product","296639","cafe-racer-autoflower"
"blimburnseeds.com","Cream Caramel Auto","17,5","https://blimburnseeds.com/cream-caramel-auto/","","","https://blimburnseeds.com/wp-json/wc/store/products","wc_store_product","263752","cream-caramel-auto"
"blimburnseeds.com","Easy Button Auto","60","https://blimburnseeds.com/easy-button-auto/","","","https://blimburnseeds.com/wp-json/wc/store/products","wc_store_product","517759","easy-button-auto"
"blimburnseeds.com","F1 AUTO","72","https://blimburnseeds.com/f1-auto-next-gen-autoflowers/","","","https://blimburnseeds.com/wp-json/wc/store/products","wc_store_product","393662","f1-auto-next-gen-autoflowers"
"blimburnseeds.com","Fast Bud Auto","17,5","https://blimburnseeds.com/fast-bud-auto/","","","https://blimburnseeds.com/wp-json/wc/store/products","wc_store_product","264691","fast-bud-auto"
"blimburnseeds.com","Fat Bastard Auto HMC Edition","42","https://blimburnseeds.com/fat-bastard-auto-hmc/","","","https://blimburnseeds.com/wp-json/wc/store/products","wc_store_product","388505","fat-bastard-auto-hmc"
"blimburnseeds.com","Forbidden Fruit Auto","17,5","https://blimburnseeds.com/forbidden-fruit-auto/","","","https://blimburnseeds.com/wp-json/wc/store/products","wc_store_product","265877","forbidden-fruit-auto"
"blimburnseeds.com","Forbidden Runtz Auto HMC Edition","42","https://blimburnseeds.com/forbidden-runtz-auto-hmc/","","","https://blimburnseeds.com/wp-json/wc/store/products","wc_store_product","388937","forbidden-runtz-auto-hmc"
"blimburnseeds.com","Forbidden Runtz Auto","17,5","https://blimburnseeds.com/forbidden-runtz-auto/","","","https://blimburnseeds.com/wp-json/wc/store/products","wc_store_product","265902","forbidden-runtz-auto"
"blimburnseeds.com","Glookies Autoflower HMC Edition","42","https://blimburnseeds.com/glookies-autoflower-hmc/","","","https://blimburnseeds.com/wp-json/wc/store/products","wc_store_product","388884","glookies-autoflower-hmc"
"blimburnseeds.com","Godfather OG Auto","17,5","https://blimburnseeds.com/godfather-og-auto/","","","https://blimburnseeds.com/wp-json/wc/store/products","wc_store_product","263732","godfather-og-auto"
"blimburnseeds.com","Gorilla Punch Auto","17,5","https://blimburnseeds.com/gorilla-punch-auto/","","","https://blimburnseeds.com/wp-json/wc/store/products","wc_store_product","267624","gorilla-punch-auto"
"blimburnseeds.com","Haze Collection","46","https://blimburnseeds.com/haze-collection-psychedelic-power/","","","https://blimburnseeds.com/wp-json/wc/store/products","wc_store_product","393744","haze-collection-psychedelic-power"
"blimburnseeds.com","High THC Selection Auto","46","https://blimburnseeds.com/high-thc-selection-auto/","","","https://blimburnseeds.com/wp-json/wc/store/products","wc_store_product","375887","high-thc-selection-auto"
"blimburnseeds.com","High THC Selection Fem","46","https://blimburnseeds.com/high-thc-selection-fem/","","","https://blimburnseeds.com/wp-json/wc/store/products","wc_store_product","375885","high-thc-selection-fem"
"blimburnseeds.com","High Yield Selection Fem","46","https://blimburnseeds.com/high-yield-selection-fem/","","","https://blimburnseeds.com/wp-json/wc/store/products","wc_store_product","375889","high-yield-selection-fem"
"blimburnseeds.com","Lemon Tree x Channel Kush","17,5","https://blimburnseeds.com/lemon-tree-x-channel-kush/","","","https://blimburnseeds.com/wp-json/wc/store/products","wc_store_product","269621","lemon-tree-x-channel-kush"
"blimburnseeds.com","OG 18 Kush Cannabis Extraction","90","https://blimburnseeds.com/og-18-kush-cannabis-extraction/","","","https://blimburnseeds.com/wp-json/wc/store/products","wc_store_product","297058","og-18-kush-cannabis-extraction"
"blimburnseeds.com","Pineapple Daddy Auto","60","https://blimburnseeds.com/pineapple-daddy-auto/","","","https://blimburnseeds.com/wp-json/wc/store/products","wc_store_product","517984","pineapple-daddy-auto"
"blimburnseeds.com","Red Poison Auto","17,5","https://blimburnseeds.com/red-poison-auto/","","","https://blimburnseeds.com/wp-json/wc/store/products","wc_store_product","267635","red-poison-auto"
"blimburnseeds.com","Red Strawberry Banana Auto","17,5","https://blimburnseeds.com/red-strawberry-banana-auto/","","","https://blimburnseeds.com/wp-json/wc/store/products","wc_store_product","267666","red-strawberry-banana-auto"
"blimburnseeds.com","Santa Marta Haze Auto","17,5","https://blimburnseeds.com/santa-marta-haze-auto/","","","https://blimburnseeds.com/wp-json/wc/store/products","wc_store_product","266708","santa-marta-haze-auto"
"blimburnseeds.com","Sativa Elite Fem","46","https://blimburnseeds.com/sativa-elite-fem/","","","https://blimburnseeds.com/wp-json/wc/store/products","wc_store_product","375900","sativa-elite-fem"
"blimburnseeds.com","Scrambler Haze &#8211; 1 seed","19,5","https://blimburnseeds.com/scrambler-haze-1-seed/","","","https://blimburnseeds.com/wp-json/wc/store/products","wc_store_product","241958","scrambler-haze-1-seed"
"blimburnseeds.com","Shortcut Auto","60","https://blimburnseeds.com/shortcut-auto/","","","https://blimburnseeds.com/wp-json/wc/store/products","wc_store_product","518004","shortcut-auto"
"blimburnseeds.com","Wedding Cake x Zkittlez Autoflower","17,5","https://blimburnseeds.com/wedding-cake-x-zkittlez-autoflower/","","","https://blimburnseeds.com/wp-json/wc/store/products","wc_store_product","185224","wedding-cake-x-zkittlez-autoflower"
"blimburnseeds.com","White Widow Autoflower HMC Edition","42","https://blimburnseeds.com/white-widow-autoflower-hmc-edition/","","","https://blimburnseeds.com/wp-json/wc/store/products","wc_store_product","388818","white-widow-autoflower-hmc-edition"
"blimburnseeds.com","Zkittlez Grape Bubble Autoflower","17,5","https://blimburnseeds.com/zkittlez-grape-bubble-autoflower/","","","https://blimburnseeds.com/wp-json/wc/store/products","wc_store_product","185249","zkittlez-grape-bubble-autoflower"
"blimburnseeds.com","Zkittlez x Gorilla Autoflower","17,5","https://blimburnseeds.com/zkittlez-x-gorilla-autoflower/","","","https://blimburnseeds.com/wp-json/wc/store/products","wc_store_product","185273","zkittlez-x-gorilla-autoflower"
"bulkseedbank.org","AUTO AK","17,5","https://bulkseedbank.org/cannabis-seeds/autoflowering-seeds/auto-ak-2/","","","https://bulkseedbank.org/wp-json/wc/store/products","wc_store_product","2870","auto-ak-2"
"bulkseedbank.org","AUTO BRUCE BANNER #5","17,5","https://bulkseedbank.org/cannabis-seeds/autoflowering-seeds/auto-bruce-banner/","","","https://bulkseedbank.org/wp-json/wc/store/products","wc_store_product","27992","auto-bruce-banner"
"bulkseedbank.org","AUTO CHEESE","17,5","https://bulkseedbank.org/cannabis-seeds/autoflowering-seeds/auto-cheese-2/","","","https://bulkseedbank.org/wp-json/wc/store/products","wc_store_product","2923","auto-cheese-2"
"bulkseedbank.org","AUTO CHRONICAL","17,5","https://bulkseedbank.org/cannabis-seeds/autoflowering-seeds/auto-chronical-2/","","","https://bulkseedbank.org/wp-json/wc/store/products","wc_store_product","2941","auto-chronical-2"
"bulkseedbank.org","AUTO COCOPOPO","17,5","https://bulkseedbank.org/cannabis-seeds/autoflowering-seeds/auto-cocopopo-2/","","","https://bulkseedbank.org/wp-json/wc/store/products","wc_store_product","2911","auto-cocopopo-2"
"bulkseedbank.org","AUTO COFFE ROCKET","17,5","https://bulkseedbank.org/cannabis-seeds/autoflowering-seeds/auto-coffe-rocket-2/","","","https://bulkseedbank.org/wp-json/wc/store/products","wc_store_product","28031","auto-coffe-rocket-2"
"bulkseedbank.org","AUTO CRITICAL","17,5","https://bulkseedbank.org/cannabis-seeds/autoflowering-seeds/auto-critical-2/","","","https://bulkseedbank.org/wp-json/wc/store/products","wc_store_product","2929","auto-critical-2"
"bulkseedbank.org","AUTO DOSIDOS ROCKETOS","17,5","https://bulkseedbank.org/cannabis-seeds/autoflowering-seeds/auto-dosidos-rocketos-2/","","","https://bulkseedbank.org/wp-json/wc/store/products","wc_store_product","27953","auto-dosidos-rocketos-2"
"bulkseedbank.org","AUTO EAST RYDER","17,5","https://bulkseedbank.org/cannabis-seeds/autoflowering-seeds/auto-east-ryder-2/","","","https://bulkseedbank.org/wp-json/wc/store/products","wc_store_product","2959","auto-east-ryder-2"
"bulkseedbank.org","AUTO EXTRA MINTZ","17,5","https://bulkseedbank.org/cannabis-seeds/autoflowering-seeds/auto-extra-mintz-2/","","","https://bulkseedbank.org/wp-json/wc/store/products","wc_store_product","28057","auto-extra-mintz-2"
"bulkseedbank.org","AUTO GELATO SAMBA","17,5","https://bulkseedbank.org/cannabis-seeds/autoflowering-seeds/auto-gelato-samba-2/","","","https://bulkseedbank.org/wp-json/wc/store/products","wc_store_product","16626","auto-gelato-samba-2"
"bulkseedbank.org","AUTO GUERILLA GLUE","17,5","https://bulkseedbank.org/cannabis-seeds/autoflowering-seeds/auto-guerilla-glue-2/","","","https://bulkseedbank.org/wp-json/wc/store/products","wc_store_product","2887","auto-guerilla-glue-2"
"bulkseedbank.org","AUTO LAVENDER BEST","17,5","https://bulkseedbank.org/cannabis-seeds/autoflowering-seeds/auto-lavender-best-2/","","","https://bulkseedbank.org/wp-json/wc/store/products","wc_store_product","2971","auto-lavender-best-2"
"bulkseedbank.org","AUTO LIME SKUNK","17,5","https://bulkseedbank.org/cannabis-seeds/autoflowering-seeds/auto-lime-skunk-2/","","","https://bulkseedbank.org/wp-json/wc/store/products","wc_store_product","2989","auto-lime-skunk-2"
"bulkseedbank.org","AUTO MAZAR EXTRA","17,5","https://bulkseedbank.org/cannabis-seeds/autoflowering-seeds/auto-mazar-extra-2/","","","https://bulkseedbank.org/wp-json/wc/store/products","wc_store_product","3013","auto-mazar-extra-2"
"bulkseedbank.org","AUTO NBA DIESEL","17,5","https://bulkseedbank.org/cannabis-seeds/autoflowering-seeds/auto-nba-diesel-2/","","","https://bulkseedbank.org/wp-json/wc/store/products","wc_store_product","3025","auto-nba-diesel-2"
"bulkseedbank.org","AUTO NORTHERN LIGHT","17,5","https://bulkseedbank.org/cannabis-seeds/autoflowering-seeds/auto-northern-light-2/","","","https://bulkseedbank.org/wp-json/wc/store/products","wc_store_product","3001","auto-northern-light-2"
"bulkseedbank.org","AUTO ORIGINAL ORANGE BUD","17,5","https://bulkseedbank.org/cannabis-seeds/autoflowering-seeds/auto-original-orange-bud-2/","","","https://bulkseedbank.org/wp-json/wc/store/products","wc_store_product","3031","auto-original-orange-bud-2"
"bulkseedbank.org","AUTO SOUR DIESEL","17,5","https://bulkseedbank.org/cannabis-seeds/autoflowering-seeds/auto-sour-diesel-2/","","","https://bulkseedbank.org/wp-json/wc/store/products","wc_store_product","3043","auto-sour-diesel-2"
"bulkseedbank.org","AUTO SPECIAL SKUNK","17,5","https://bulkseedbank.org/cannabis-seeds/autoflowering-seeds/auto-special-skunk-2/","","","https://bulkseedbank.org/wp-json/wc/store/products","wc_store_product","3061","auto-special-skunk-2"
"bulkseedbank.org","AUTO STRAWBERRY FERRY","17,5","https://bulkseedbank.org/cannabis-seeds/autoflowering-seeds/auto-strawberry-ferry-2/","","","https://bulkseedbank.org/wp-json/wc/store/products","wc_store_product","28005","auto-strawberry-ferry-2"
"bulkseedbank.org","AUTO SUNMANGO","17,5","https://bulkseedbank.org/cannabis-seeds/autoflowering-seeds/auto-sunmango-2/","","","https://bulkseedbank.org/wp-json/wc/store/products","wc_store_product","3073","auto-sunmango-2"
"bulkseedbank.org","AUTO SWEET TOOTH","17,5","https://bulkseedbank.org/cannabis-seeds/autoflowering-seeds/auto-sweet-tooth-2/","","","https://bulkseedbank.org/wp-json/wc/store/products","wc_store_product","3049","auto-sweet-tooth-2"
"bulkseedbank.org","AUTO TROPICAL COCONUT","17,5","https://bulkseedbank.org/cannabis-seeds/autoflowering-seeds/auto-tropical-coconut-2/","","","https://bulkseedbank.org/wp-json/wc/store/products","wc_store_product","28044","auto-tropical-coconut-2"
"bulkseedbank.org","AUTO WATERMELON JAM","17,5","https://bulkseedbank.org/cannabis-seeds/autoflowering-seeds/auto-watermelon-jam-2/","","","https://bulkseedbank.org/wp-json/wc/store/products","wc_store_product","27940","auto-watermelon-jam-2"
"bulkseedbank.org","AUTO WHITE WIDOW","17,5","https://bulkseedbank.org/cannabis-seeds/autoflowering-seeds/auto-white-widow-2/","","","https://bulkseedbank.org/wp-json/wc/store/products","wc_store_product","3079","auto-white-widow-2"
"bulkseedbank.org","AUTO ZKITTLY ZI ZI","17,5","https://bulkseedbank.org/cannabis-seeds/autoflowering-seeds/auto-zkittly-zi-zi-2/","","","https://bulkseedbank.org/wp-json/wc/store/products","wc_store_product","16713","auto-zkittly-zi-zi-2"
"bulkseedbank.org","AUTO CBD GUERILLA GLUE","17,5","https://bulkseedbank.org/cannabis-seeds/cbd-seeds/auto-cbd-guerilla-glue/","","","https://bulkseedbank.org/wp-json/wc/store/products","wc_store_product","28096","auto-cbd-guerilla-glue"
"bulkseedbank.org","CBD INDICA KING","17,5","https://bulkseedbank.org/cannabis-seeds/cbd-seeds/cbd-indica-king/","","","https://bulkseedbank.org/wp-json/wc/store/products","wc_store_product","28122","cbd-indica-king"
"bulkseedbank.org","CBD SATIVA KING","17,5","https://bulkseedbank.org/cannabis-seeds/cbd-seeds/cbd-sativa-king/","","","https://bulkseedbank.org/wp-json/wc/store/products","wc_store_product","28083","cbd-sativa-king"
"bulkseedbank.org","MASTER KUSH GRAND","17,5","https://bulkseedbank.org/cannabis-seeds/feminised-seeds/master-kush-grand-2/","","","https://bulkseedbank.org/wp-json/wc/store/products","wc_store_product","3271","master-kush-grand-2"
"bulkseedbank.org","PURPLE GLAM KUSH","17,5","https://bulkseedbank.org/cannabis-seeds/feminised-seeds/purple-glam-kush-2/","","","https://bulkseedbank.org/wp-json/wc/store/products","wc_store_product","3331","purple-glam-kush-2"
"bulkseedbank.org","SPECIAL CRYSTAL HAZE","17,5","https://bulkseedbank.org/cannabis-seeds/feminised-seeds/special-crystal-haze-2/","","","https://bulkseedbank.org/wp-json/wc/store/products","wc_store_product","3355","special-crystal-haze-2"
"bulkseedbank.org","SPECIAL LIME HAZE","17,5","https://bulkseedbank.org/cannabis-seeds/feminised-seeds/special-lime-haze-2/","","","https://bulkseedbank.org/wp-json/wc/store/products","wc_store_product","3361","special-lime-haze-2"
"dnagenetics.com","3Peat Fem Cannabis Seeds","45","https://dnagenetics.com/product/3peat/","","","https://dnagenetics.com/wp-json/wc/store/products","wc_store_product","87","3peat"
"dnagenetics.com","Auto bahn Cannabis Seeds","80,12","https://dnagenetics.com/product/auto-bahn/","","","https://dnagenetics.com/wp-json/wc/store/products","wc_store_product","383","auto-bahn"
"dnagenetics.com","Banana Sorbet Feminized Cannabis Seeds","80,12","https://dnagenetics.com/product/banana-sorbet-feminized-cannabis-seeds/","","","https://dnagenetics.com/wp-json/wc/store/products","wc_store_product","58903","banana-sorbet-feminized-cannabis-seeds"
"dnagenetics.com","Bruised Bananas Cannabis Seeds","80,12","https://dnagenetics.com/product/bruised-bananas/","","","https://dnagenetics.com/wp-json/wc/store/products","wc_store_product","430","bruised-bananas"
"dnagenetics.com","Canelo auto Cannabis Seeds","80,16","https://dnagenetics.com/product/canelo-auto-seeds/","","","https://dnagenetics.com/wp-json/wc/store/products","wc_store_product","428","canelo-auto-seeds"
"dnagenetics.com","Challah Bread Cannabis Seeds","45","https://dnagenetics.com/product/challah-bread/","","","https://dnagenetics.com/wp-json/wc/store/products","wc_store_product","384","challah-bread"
"dnagenetics.com","Chocolope Fem Cannabis Seeds","80,12","https://dnagenetics.com/product/chocolope-fem/","","","https://dnagenetics.com/wp-json/wc/store/products","wc_store_product","3012","chocolope-fem"
"dnagenetics.com","Chocolope Kush FEM Cannabis Seeds","80,12","https://dnagenetics.com/product/chocolope-kush/","","","https://dnagenetics.com/wp-json/wc/store/products","wc_store_product","29545","chocolope-kush"
"dnagenetics.com","DNA Auto Mix Pack Cannabis Seeds (Sample)","1","https://dnagenetics.com/product/dna-auto-mix-pack-cannabis-seeds-sample/","","","https://dnagenetics.com/wp-json/wc/store/products","wc_store_product","1320107","dna-auto-mix-pack-cannabis-seeds-sample"
"dnagenetics.com","DNA Auto Mix Pack Cannabis Seeds","45","https://dnagenetics.com/product/dna-auto-mix-pack-cannabis-seeds/","","","https://dnagenetics.com/wp-json/wc/store/products","wc_store_product","58944","dna-auto-mix-pack-cannabis-seeds"
"dnagenetics.com","Double Stuffed Sorbet Fem Cannabis Seeds","80,12","https://dnagenetics.com/product/double-stuffed-sorbet/","","","https://dnagenetics.com/wp-json/wc/store/products","wc_store_product","29550","double-stuffed-sorbet"
"dnagenetics.com","Four Prophets Fem Cannabis Seeds","80,05","https://dnagenetics.com/product/four-prophets-fem/","","","https://dnagenetics.com/wp-json/wc/store/products","wc_store_product","3007","four-prophets-fem"
"dnagenetics.com","Four Prophets Reg Cannabis Seeds","80,05","https://dnagenetics.com/product/four-prophets-reg/","","","https://dnagenetics.com/wp-json/wc/store/products","wc_store_product","181","four-prophets-reg"
"dnagenetics.com","Generation X-18 Reg Cannabis Seeds","65,75","https://dnagenetics.com/product/generation-x-18-reg/","","","https://dnagenetics.com/wp-json/wc/store/products","wc_store_product","436","generation-x-18-reg"
"dnagenetics.com","Golden Fortunes Reg Cannabis Seeds","63,92","https://dnagenetics.com/product/golden-fortunes-reg/","","","https://dnagenetics.com/wp-json/wc/store/products","wc_store_product","585","golden-fortunes-reg"
"dnagenetics.com","Kosher Dawg Autoflower Cannabis Seeds","45","https://dnagenetics.com/product/kosher-dawg-autoflower-cannabis-seeds/","","","https://dnagenetics.com/wp-json/wc/store/products","wc_store_product","58895","kosher-dawg-autoflower-cannabis-seeds"
"dnagenetics.com","Kosher Kush Fem Cannabis Seeds","80,12","https://dnagenetics.com/product/kosher-kush-fem/","","","https://dnagenetics.com/wp-json/wc/store/products","wc_store_product","2991","kosher-kush-fem"
"dnagenetics.com","Kosher Kush Reg Cannabis Seeds","80,12","https://dnagenetics.com/product/kosher-kush-reg/","","","https://dnagenetics.com/wp-json/wc/store/products","wc_store_product","179","kosher-kush-reg"
"dnagenetics.com","Mac n Me Autoflower Cannabis Seeds","45","https://dnagenetics.com/product/mac-n-me/","","","https://dnagenetics.com/wp-json/wc/store/products","wc_store_product","29592","mac-n-me"
"dnagenetics.com","Miss DNA Auto Cannabis Seeds","79,05","https://dnagenetics.com/product/miss-dna/","","","https://dnagenetics.com/wp-json/wc/store/products","wc_store_product","29568","miss-dna"
"dnagenetics.com","Purple People Eater Auto Cannabis Seeds","80,16","https://dnagenetics.com/product/purple-people-eater-auto-seeds/","","","https://dnagenetics.com/wp-json/wc/store/products","wc_store_product","183","purple-people-eater-auto-seeds"
"dnagenetics.com","Return of the Mac Auto Cannabis Seeds","80,17","https://dnagenetics.com/product/return-of-the-mac-auto/","","","https://dnagenetics.com/wp-json/wc/store/products","wc_store_product","465","return-of-the-mac-auto"
"dnagenetics.com","Skywalker Kush Reg Cannabis Seeds","79,97","https://dnagenetics.com/product/skylwalker-kush-reg/","","","https://dnagenetics.com/wp-json/wc/store/products","wc_store_product","88","skylwalker-kush-reg"
"dnagenetics.com","Skywalker Kush Auto Cannabis Seeds","45","https://dnagenetics.com/product/skywalker-kush-auto/","","","https://dnagenetics.com/wp-json/wc/store/products","wc_store_product","29594","skywalker-kush-auto"
"dnagenetics.com","Swiss Miss Fem Cannabis Seeds","80,14","https://dnagenetics.com/product/swiss-miss-fem/","","","https://dnagenetics.com/wp-json/wc/store/products","wc_store_product","444","swiss-miss-fem"
"dnagenetics.com","Watermelon Man Auto Cannabis Seeds","80,16","https://dnagenetics.com/product/watermelon-man-auto-seeds/","","","https://dnagenetics.com/wp-json/wc/store/products","wc_store_product","426","watermelon-man-auto-seeds"
"dnagenetics.com","White Chocolope Fem Cannabis Seeds","45","https://dnagenetics.com/product/white-chocolope/","","","https://dnagenetics.com/wp-json/wc/store/products","wc_store_product","443","white-chocolope"
"dnagenetics.com","You Whoo Reg Cannabis Seeds","65,59","https://dnagenetics.com/product/you-whoo-reg/","","","https://dnagenetics.com/wp-json/wc/store/products","wc_store_product","3002","you-whoo-reg"
"genehtik.com","Nevil Bilbo Auto","9","https://www.genehtik.com/producto/nevil-bilbo-auto/","","","https://genehtik.com/wp-json/wc/store/products","wc_store_product","7646","nevil-bilbo-auto"
"genehtik.com","Northern Lights Auto","9","https://www.genehtik.com/producto/northern-lights-auto/","","","https://genehtik.com/wp-json/wc/store/products","wc_store_product","4841","northern-lights-auto"
"genehtik.com","PACK 5 semillas AUTO + PACK 3 Novedades AUTO","24","https://www.genehtik.com/producto/pack-5-semillas-autoflorecientes/","","","https://genehtik.com/wp-json/wc/store/products","wc_store_product","42405","pack-5-semillas-autoflorecientes"
"genehtik.com","semillas de marihuana feminizadas","9","https://www.genehtik.com/producto/semillas-de-marihuana-feminizadas/","","","https://genehtik.com/wp-json/wc/store/products","wc_store_product","26586","semillas-de-marihuana-feminizadas"
"genehtik.com","Strawbilbo Banana Auto","9","https://www.genehtik.com/producto/strawbilbo-banana-auto/","","","https://genehtik.com/wp-json/wc/store/products","wc_store_product","23464","strawbilbo-banana-auto"
"genehtik.com","Txerri Bilbo Haze","9","https://www.genehtik.com/producto/txerri-bilbo-haze/","","","https://genehtik.com/wp-json/wc/store/products","wc_store_product","18709","txerri-bilbo-haze"
"hyp3rids.com","ACE OF HAZE","70","https://hyp3rids.com/product/ace-of-haze","","","https://hyp3rids.com/wp-json/wc/store/products","wc_store_product","12775","ace-of-haze"
"hyp3rids.com","BANDIT KUSH","60","https://hyp3rids.com/product/bandit-kush","","","https://hyp3rids.com/wp-json/wc/store/products","wc_store_product","15402","bandit-kush"
"hyp3rids.com","BOUILLON HAZE","60","https://hyp3rids.com/product/bouillon-haze","","","https://hyp3rids.com/wp-json/wc/store/products","wc_store_product","14962","bouillon-haze"
"hyp3rids.com","BOUILLON HAZE | HUNTER PACK","90","https://hyp3rids.com/product/bouillon-haze-hunter-pack","","","https://hyp3rids.com/wp-json/wc/store/products","wc_store_product","16713","bouillon-haze-hunter-pack"
"hyp3rids.com","CBH &#8216;PURE HAZE&#8217; | HUNTER PACK","90","https://hyp3rids.com/product/cbh-pure-haze-hunter-pack","","","https://hyp3rids.com/wp-json/wc/store/products","wc_store_product","16301","cbh-pure-haze-hunter-pack"
"hyp3rids.com","CUBAN BLOOD HAZE &#8216;EL SQUATO&#8217; PHENO","60","https://hyp3rids.com/product/cuban-blood-haze-el-squato-pheno","","","https://hyp3rids.com/wp-json/wc/store/products","wc_store_product","15663","cuban-blood-haze-el-squato-pheno"
"hyp3rids.com","CBH &#8216;PURE HAZE&#8217;","60","https://hyp3rids.com/product/cuban-blood-haze-pure-haze-pheno","","","https://hyp3rids.com/wp-json/wc/store/products","wc_store_product","15659","cuban-blood-haze-pure-haze-pheno"
"hyp3rids.com","HEIRLOOM PURPLE AFGHAN KUSH BX1","80","https://hyp3rids.com/product/heirloom-purple-afghan-kush-bx1","","","https://hyp3rids.com/wp-json/wc/store/products","wc_store_product","16831","heirloom-purple-afghan-kush-bx1"
"hyp3rids.com","HEIRLOOM PURPLE AFGHAN KUSH IBL","80","https://hyp3rids.com/product/heirloom-purple-afghan-kush-limited","","","https://hyp3rids.com/wp-json/wc/store/products","wc_store_product","15978","heirloom-purple-afghan-kush-limited"
"hyp3rids.com","LAVA HAZE","60","https://hyp3rids.com/product/lava-haze-hunter-pack","","","https://hyp3rids.com/wp-json/wc/store/products","wc_store_product","15568","lava-haze-hunter-pack"
"hyp3rids.com","LONG ISLAND HAZE","60","https://hyp3rids.com/product/long-island-haze","","","https://hyp3rids.com/wp-json/wc/store/products","wc_store_product","12767","long-island-haze"
"hyp3rids.com","REDWOOD HAZE","60","https://hyp3rids.com/product/redwood-haze","","","https://hyp3rids.com/wp-json/wc/store/products","wc_store_product","14967","redwood-haze"
"kcbrains.com","Space Mango® (Auto-Feminized)","24,5","https://kcbrains.com/shop/cannabis-seeds/auto-flowering/space-mango-auto-fem/","","","https://kcbrains.com/wp-json/wc/store/products","wc_store_product","1233","space-mango-auto-fem"
"kcbrains.com","Z-710 (Auto-Feminized)","24,5","https://kcbrains.com/shop/cannabis-seeds/auto-flowering/z-710/","","","https://kcbrains.com/wp-json/wc/store/products","wc_store_product","11685","z-710"
"kcbrains.com","Afghani Special® Feminized","24,5","https://kcbrains.com/shop/cannabis-seeds/feminized-seeds/afghani-special-feminized/","","","https://kcbrains.com/wp-json/wc/store/products","wc_store_product","517","afghani-special-feminized"
"kcbrains.com","Bahia Black Head Feminized®","24,5","https://kcbrains.com/shop/cannabis-seeds/feminized-seeds/bahai-black-head-feminized/","","","https://kcbrains.com/wp-json/wc/store/products","wc_store_product","509","bahai-black-head-feminized"
"kcbrains.com","Brains Choice® (Fem)","24,5","https://kcbrains.com/shop/cannabis-seeds/feminized-seeds/brains-choice-feminized/","","","https://kcbrains.com/wp-json/wc/store/products","wc_store_product","506","brains-choice-feminized"
"kcbrains.com","California Special® Feminized","24,5","https://kcbrains.com/shop/cannabis-seeds/feminized-seeds/california-special-feminized/","","","https://kcbrains.com/wp-json/wc/store/products","wc_store_product","516","california-special-feminized"
"kcbrains.com","Cristal Limit® (Fem)","24,5","https://kcbrains.com/shop/cannabis-seeds/feminized-seeds/cristal-limit-feminized/","","","https://kcbrains.com/wp-json/wc/store/products","wc_store_product","510","cristal-limit-feminized"
"kcbrains.com","Cristal Paradise® (Fem)","24,5","https://kcbrains.com/shop/cannabis-seeds/feminized-seeds/cristal-paradise-feminized/","","","https://kcbrains.com/wp-json/wc/store/products","wc_store_product","512","cristal-paradise-feminized"
"kcbrains.com","Cyber Cristal® (Fem)","24,5","https://kcbrains.com/shop/cannabis-seeds/feminized-seeds/cyber-cristal-feminized/","","","https://kcbrains.com/wp-json/wc/store/products","wc_store_product","518","cyber-cristal-feminized"
"kcbrains.com","Haze Special® (Fem)","24,5","https://kcbrains.com/shop/cannabis-seeds/feminized-seeds/haze-special-feminized/","","","https://kcbrains.com/wp-json/wc/store/products","wc_store_product","514","haze-special-feminized"
"kcbrains.com","KC 33® Feminized","24,5","https://kcbrains.com/shop/cannabis-seeds/feminized-seeds/kc-33-feminized/","","","https://kcbrains.com/wp-json/wc/store/products","wc_store_product","527","kc-33-feminized"
"kcbrains.com","K.C. 42® (Fem)","24,5","https://kcbrains.com/shop/cannabis-seeds/feminized-seeds/kc-42-feminized/","","","https://kcbrains.com/wp-json/wc/store/products","wc_store_product","507","kc-42-feminized"
"kcbrains.com","K.C. 45® (Fem)","24,5","https://kcbrains.com/shop/cannabis-seeds/feminized-seeds/kc-45-feminized/","","","https://kcbrains.com/wp-json/wc/store/products","wc_store_product","450","kc-45-feminized"
"kcbrains.com","MAC Mango® Feminized","24,5","https://kcbrains.com/shop/cannabis-seeds/feminized-seeds/mac-mango-fem/","","","https://kcbrains.com/wp-json/wc/store/products","wc_store_product","11662","mac-mango-fem"
"kcbrains.com","Swiss-xT® Feminized","24,5","https://kcbrains.com/shop/cannabis-seeds/feminized-seeds/swiss-xt-feminized/","","","https://kcbrains.com/wp-json/wc/store/products","wc_store_product","522","swiss-xt-feminized"
"kcbrains.com","White K.C.® (Fem)","24,5","https://kcbrains.com/shop/cannabis-seeds/feminized-seeds/white-kc-feminized/","","","https://kcbrains.com/wp-json/wc/store/products","wc_store_product","511","white-kc-feminized"
"kcbrains.com","Afghani Special Regular®","9,5","https://kcbrains.com/shop/cannabis-seeds/regular-seeds/afghani-special-regular/","","","https://kcbrains.com/wp-json/wc/store/products","wc_store_product","67","afghani-special-regular"
"kcbrains.com","Bahia Black Head Regular®","9,5","https://kcbrains.com/shop/cannabis-seeds/regular-seeds/bahia-black-head-regular/","","","https://kcbrains.com/wp-json/wc/store/products","wc_store_product","181","bahia-black-head-regular"
"kcbrains.com","KC 33® Regular","9,5","https://kcbrains.com/shop/cannabis-seeds/regular-seeds/kc-33-regular/","","","https://kcbrains.com/wp-json/wc/store/products","wc_store_product","136","kc-33-regular"
"kcbrains.com","Leda Uno® Regular","9,5","https://kcbrains.com/shop/cannabis-seeds/regular-seeds/leda-uno-regular/","","","https://kcbrains.com/wp-json/wc/store/products","wc_store_product","140","leda-uno-regular"
"northcoastgenetics.com","BLACK DOMINA X MOUNG XAI SATIVA","40","https://northcoastgenetics.com/product/black-domina-x-moung-xai-sativa","","","https://northcoastgenetics.com/wp-json/wc/store/products","wc_store_product","2423","black-domina-x-moung-xai-sativa"
"northcoastgenetics.com","BONGI HAZE X WEDDING CAKE","25","https://northcoastgenetics.com/product/bongi-haze-x-wedding-cake","","","https://northcoastgenetics.com/wp-json/wc/store/products","wc_store_product","2420","bongi-haze-x-wedding-cake"
"northcoastgenetics.com","Broke the Mouth Kush","50","https://northcoastgenetics.com/product/broke-the-mouth-kush","","","https://northcoastgenetics.com/wp-json/wc/store/products","wc_store_product","2545","broke-the-mouth-kush"
"northcoastgenetics.com","Burmese Kush","40","https://northcoastgenetics.com/product/burmese-kush","","","https://northcoastgenetics.com/wp-json/wc/store/products","wc_store_product","2224","burmese-kush"
"northcoastgenetics.com","KILLER GLUE HAZE CAKE F2","25","https://northcoastgenetics.com/product/killer-glue-haze-cake-f2","","","https://northcoastgenetics.com/wp-json/wc/store/products","wc_store_product","2417","killer-glue-haze-cake-f2"
"northcoastgenetics.com","MOLOKAI MOUNTAIN KUSH","50","https://northcoastgenetics.com/product/molokai-mountain-kush","","","https://northcoastgenetics.com/wp-json/wc/store/products","wc_store_product","2430","molokai-mountain-kush"
"northcoastgenetics.com","Neville’s Haze “Sage” Pheno","50","https://northcoastgenetics.com/product/nevilles-haze-sage-pheno","","","https://northcoastgenetics.com/wp-json/wc/store/products","wc_store_product","3146","nevilles-haze-sage-pheno"
"northcoastgenetics.com","Oregon Red Runtz","50","https://northcoastgenetics.com/product/oregon-red-runtz","","","https://northcoastgenetics.com/wp-json/wc/store/products","wc_store_product","3103","oregon-red-runtz"
"northcoastgenetics.com","Purple Kush x AK47","50","https://northcoastgenetics.com/product/purple-kush-x-ak47","","","https://northcoastgenetics.com/wp-json/wc/store/products","wc_store_product","2572","purple-kush-x-ak47"
"northcoastgenetics.com","SYRIAN LANDRACE GENETICS/SATIVA HASH PLANT","50","https://northcoastgenetics.com/product/syrian-landrace","","","https://northcoastgenetics.com/wp-json/wc/store/products","wc_store_product","2342","syrian-landrace"
"spliffseeds.nl","Afghan Regular Cannabis Seeds","17,5","https://www.spliffseeds.nl/product/afghan-regular-cannabis-seeds/","","","https://spliffseeds.nl/wp-json/wc/store/products","wc_store_product","111272","afghan-regular-cannabis-seeds"
"spliffseeds.nl","Afghani Gold Female Cannabis Seeds","27,5","https://www.spliffseeds.nl/product/afghani-gold-female-cannabis-seeds/","","","https://spliffseeds.nl/wp-json/wc/store/products","wc_store_product","111283","afghani-gold-female-cannabis-seeds"
"spliffseeds.nl","AK Regular Cannabis Seeds","17,5","https://www.spliffseeds.nl/product/ak-regular-cannabis-seeds/","","","https://spliffseeds.nl/wp-json/wc/store/products","wc_store_product","111271","ak-regular-cannabis-seeds"
"spliffseeds.nl","Amnesiac Female Cannabis Seeds","32,5","https://www.spliffseeds.nl/product/amnesiac-female-cannabis-seeds/","","","https://spliffseeds.nl/wp-json/wc/store/products","wc_store_product","111285","amnesiac-female-cannabis-seeds"
"spliffseeds.nl","Blue Berry Female Cannabis Seeds","32,5","https://www.spliffseeds.nl/product/blue-berry-female-cannabis-seeds/","","","https://spliffseeds.nl/wp-json/wc/store/products","wc_store_product","111286","blue-berry-female-cannabis-seeds"
"spliffseeds.nl","Blue Berry Regular Cannabis Seeds","17,5","https://www.spliffseeds.nl/product/blue-berry-regular-cannabis-seeds/","","","https://spliffseeds.nl/wp-json/wc/store/products","wc_store_product","111270","blue-berry-regular-cannabis-seeds"
"spliffseeds.nl","Blue Medi Kush Female Cannabis Seeds","32,5","https://www.spliffseeds.nl/product/blue-medi-kush-female-cannabis-seeds/","","","https://spliffseeds.nl/wp-json/wc/store/products","wc_store_product","111287","blue-medi-kush-female-cannabis-seeds"
"spliffseeds.nl","Bubblegun Regular Cannabis Seeds","17,5","https://www.spliffseeds.nl/product/bubblegun-regular-cannabis-seeds/","","","https://spliffseeds.nl/wp-json/wc/store/products","wc_store_product","111303","bubblegun-regular-cannabis-seeds"
"spliffseeds.nl","CBD Spliff Berry Female Cannabis Seeds","32,5","https://www.spliffseeds.nl/product/cbd-spliff-berry-female-cannabis-seeds/","","","https://spliffseeds.nl/wp-json/wc/store/products","wc_store_product","111289","cbd-spliff-berry-female-cannabis-seeds"
"spliffseeds.nl","Dutch Automatic Female Cannabis Seeds","24,9","https://www.spliffseeds.nl/product/dutch-automatic-female-cannabis-seeds/","","","https://spliffseeds.nl/wp-json/wc/store/products","wc_store_product","111274","dutch-automatic-female-cannabis-seeds"
"spliffseeds.nl","Dutch Blue Automatic Female Cannabis Seeds","24,9","https://www.spliffseeds.nl/product/dutch-blue-automatic-female-cannabis-seeds/","","","https://spliffseeds.nl/wp-json/wc/store/products","wc_store_product","111275","dutch-blue-automatic-female-cannabis-seeds"
"spliffseeds.nl","Fast Bud Outdoor Female Cannabis Seeds","36,5","https://www.spliffseeds.nl/product/fast-bud-outdoor-female-cannabis-seeds/","","","https://spliffseeds.nl/wp-json/wc/store/products","wc_store_product","111276","fast-bud-outdoor-female-cannabis-seeds"
"spliffseeds.nl","Gold Bar Kush Female Cannabis Seeds","32,5","https://www.spliffseeds.nl/product/gold-bar-kush-female-cannabis-seeds/","","","https://spliffseeds.nl/wp-json/wc/store/products","wc_store_product","111292","gold-bar-kush-female-cannabis-seeds"
"spliffseeds.nl","Gold Rush Outdoor Female Cannabis Seeds","36,5","https://www.spliffseeds.nl/product/gold-rush-outdoor-female-cannabis-seeds/","","","https://spliffseeds.nl/wp-json/wc/store/products","wc_store_product","111277","gold-rush-outdoor-female-cannabis-seeds"
"spliffseeds.nl","Master Kush Regular Cannabis Seeds","9,9","https://www.spliffseeds.nl/product/master-kush-regular-cannabis-seeds/","","","https://spliffseeds.nl/wp-json/wc/store/products","wc_store_product","111267","master-kush-regular-cannabis-seeds"
"spliffseeds.nl","Mega Power Plant Automatic Female Cannabis Seeds","27,5","https://www.spliffseeds.nl/product/mega-power-plant-automatic-female-cannabis-seeds/","","","https://spliffseeds.nl/wp-json/wc/store/products","wc_store_product","111305","mega-power-plant-automatic-female-cannabis-seeds"
"spliffseeds.nl","Mint Runtz Automatic Female Cannabis Seeds","27,5","https://www.spliffseeds.nl/product/mint-runtz-automatic-female-cannabis-seeds/","","","https://spliffseeds.nl/wp-json/wc/store/products","wc_store_product","142111","mint-runtz-automatic-female-cannabis-seeds"
"spliffseeds.nl","Moon Walker Kush Female Cannabis Seeds","32,5","https://www.spliffseeds.nl/product/moon-walker-kush-female-cannabis-seeds/","","","https://spliffseeds.nl/wp-json/wc/store/products","wc_store_product","111295","moon-walker-kush-female-cannabis-seeds"
"spliffseeds.nl","Power Plant Female Cannabis Seeds","32,5","https://www.spliffseeds.nl/product/power-plant-female-cannabis-seeds/","","","https://spliffseeds.nl/wp-json/wc/store/products","wc_store_product","111296","power-plant-female-cannabis-seeds"
"spliffseeds.nl","Royal Thai Regular Cannabis Seeds","17,5","https://www.spliffseeds.nl/product/royal-thai-regular-cannabis-seeds/","","","https://spliffseeds.nl/wp-json/wc/store/products","wc_store_product","111265","royal-thai-regular-cannabis-seeds"
"spliffseeds.nl","Snow White Female Cannabis Seeds","36,5","https://www.spliffseeds.nl/product/snow-white-female-cannabis-seeds/","","","https://spliffseeds.nl/wp-json/wc/store/products","wc_store_product","111297","snow-white-female-cannabis-seeds"
"spliffseeds.nl","Spliff Cheese Automatic Female Cannabis Seeds","24","https://www.spliffseeds.nl/product/spliff-cheese-automatic-female-cannabis-seeds/","","","https://spliffseeds.nl/wp-json/wc/store/products","wc_store_product","111278","spliff-cheese-automatic-female-cannabis-seeds"
"spliffseeds.nl","Spliff Strawberry Female Cannabis Seeds","36,5","https://www.spliffseeds.nl/product/spliff-s-strawberry-female-cannabis-seeds/","","","https://spliffseeds.nl/wp-json/wc/store/products","wc_store_product","111299","spliff-s-strawberry-female-cannabis-seeds"
"spliffseeds.nl","Super Skunk Female Cannabis Seeds","32,5","https://www.spliffseeds.nl/product/super-skunk-female-cannabis-seeds/","","","https://spliffseeds.nl/wp-json/wc/store/products","wc_store_product","111300","super-skunk-female-cannabis-seeds"
"spliffseeds.nl","Sweet &#8216;n Sour Outdoor Female Cannabis Seeds","36,5","https://www.spliffseeds.nl/product/sweet-n-sour-outdoor-female-cannabis-seeds/","","","https://spliffseeds.nl/wp-json/wc/store/products","wc_store_product","111279","sweet-n-sour-outdoor-female-cannabis-seeds"
"spliffseeds.nl","White Widow Automatic Female Cannabis Seeds","27,5","https://www.spliffseeds.nl/product/white-widow-automatic-female-cannabis-seeds/","","","https://spliffseeds.nl/wp-json/wc/store/products","wc_store_product","111280","white-widow-automatic-female-cannabis-seeds"
"spliffseeds.nl","Zkittlez Female Cannabis Seeds","32,5","https://www.spliffseeds.nl/product/zkittlez-female-cannabis-seeds/","","","https://spliffseeds.nl/wp-json/wc/store/products","wc_store_product","111310","zkittlez-female-cannabis-seeds"
"thebulldogseeds.com","TB Kush","25","https://thebulldogseeds.com/product/tb-kush/","","","https://thebulldogseeds.com/wp-json/wc/store/products","wc_store_product","1414","tb-kush"
"thebulldogseeds.com","TB Mimosa Cannabis Seeds","29","https://thebulldogseeds.com/product/tb-mimosa/","","","https://thebulldogseeds.com/wp-json/wc/store/products","wc_store_product","1416","tb-mimosa"
"thebulldogseeds.com","TB Purple CBD Auto","27","https://thebulldogseeds.com/product/tb-purple-cbd-auto/","","","https://thebulldogseeds.com/wp-json/wc/store/products","wc_store_product","1469","tb-purple-cbd-auto"
"thebulldogseeds.com","TB Strawberry Haze Auto","20","https://thebulldogseeds.com/product/tb-strawberry-haze-auto/","","","https://thebulldogseeds.com/wp-json/wc/store/products","wc_store_product","1410","tb-strawberry-haze-auto"
"visionseeds.nl","Amnesia x Buddha Kush","30","https://www.visionseeds.nl/product/amnesia_x_buddha_kush/","","","https://visionseeds.nl/wp-json/wc/store/products","wc_store_product","3509","amnesia_x_buddha_kush"
"visionseeds.nl","Delhi Cheese – AutoFem","15","https://www.visionseeds.nl/product/delhi-cheese-autofem/","","","https://visionseeds.nl/wp-json/wc/store/products","wc_store_product","2039","delhi-cheese-autofem"
"visionseeds.nl","Northern Lights – AutoFem","17,5","https://www.visionseeds.nl/product/northern-lights-autofem/","","","https://visionseeds.nl/wp-json/wc/store/products","wc_store_product","2086","northern-lights-autofem"
"visionseeds.nl","Vision Gorilla Auto","22,5","https://www.visionseeds.nl/product/vision-gorilla-auto/","","","https://visionseeds.nl/wp-json/wc/store/products","wc_store_product","3494","vision-gorilla-auto"
"visionseeds.nl","Vision Jack &#8211; AutoFem","17,5","https://www.visionseeds.nl/product/vision-jack-autofem/","","","https://visionseeds.nl/wp-json/wc/store/products","wc_store_product","2134","vision-jack-autofem"
